ticker;free_cash_flow;capital_expenditure;changes_in_cash;financing_cash_flows;operating_cash_flow;investing_cash_flows;change_in_working_capital;change_in_receivables;depreciation_and_amortization;net_ppe_purchase_and_sale;purchase_of_ppe
AAPL;2020;-7309000000;-10435000000;-86820000000;80674000000;-4289000000;5690000000;8470000000;11056000000;-7309000000;-7309000000
MSFT;2020;NULL;NULL;NULL;NULL;NULL;NULL;NULL;NULL;NULL;NULL
GOOGL;2020;-22281000000;7943000000;-24408000000;65124000000;-32773000000;1827000000;-6524000000;13697000000;-22281000000;-22281000000
AMZN;2020;-40140000000;5349000000;-1104000000;66064000000;-59611000000;13481000000;-8169000000;25251000000;-35044000000;-40140000000
NVDA;2020;NULL;NULL;NULL;NULL;NULL;NULL;NULL;NULL;NULL;NULL
BRK-B;2020;-13012000000;-16328000000;-18344000000;39773000000;-37757000000;15566000000;-1609000000;10596000000;-13012000000;-13012000000
META;2020;-15163000000;-1604000000;-10292000000;38747000000;-30059000000;-2723000000;-1512000000;6862000000;-15115000000;-15163000000
TSLA;2020;-3242000000;12784000000;9973000000;5943000000;-3132000000;184000000;-652000000;2322000000;-3232000000;-3232000000
UNH;2020;-2051000000;6052000000;-3590000000;22174000000;-12532000000;2895000000;-688000000;2891000000;-2051000000;-2051000000
JNJ;2020;-3347000000;-3409000000;-6120000000;23536000000;-20825000000;2690000000;774000000;7231000000;-3347000000;-3347000000
V;2020;-736000000;7899000000;-3968000000;10440000000;1427000000;-8398000000;1815000000;767000000;-736000000;-736000000
XOM;2020;-17282000000;1494000000;5285000000;14668000000;-18459000000;-1653000000;5384000000;NULL;-17282000000;-17282000000
PG;2020;NULL;NULL;NULL;NULL;NULL;NULL;NULL;NULL;NULL;NULL
LLY;2020;-2029100000;1103600000;-3137100000;6499600000;-2258900000;-747400000;-1350200000;1323900000;-1387900000;-1387900000
MA;2020;-708000000;3193000000;-2152000000;7224000000;-1879000000;-1150000000;-88000000;580000000;-339000000;-339000000
HD;2020;NULL;NULL;NULL;NULL;NULL;NULL;NULL;NULL;37000000;NULL
CVX;2020;-8922000000;-124000000;-3736000000;10577000000;-6965000000;-1604000000;2719000000;16156000000;NULL;NULL
MRK;2020;-4429000000;-2022000000;-2832000000;10253000000;-9443000000;-4601000000;-1002000000;3486000000;NULL;NULL
ABBV;2020;-798000000;-31470000000;-11501000000;17588000000;-37557000000;106000000;-929000000;6471000000;-798000000;-798000000
PEP;2020;-4240000000;2813000000;3819000000;10613000000;-11619000000;-303000000;-420000000;3026000000;55000000;NULL
KO;2020;-1177000000;297000000;-8070000000;9844000000;-1477000000;690000000;882000000;1536000000;-988000000;-1177000000
PFE;2020;-2226000000;483000000;-9649000000;14403000000;-4271000000;-275000000;-1249000000;4777000000;-2226000000;-2226000000
AVGO;2020;-463000000;2563000000;1611000000;12061000000;-11109000000;1093000000;981000000;6905000000;-463000000;-463000000
COST;2020;-2810000000;3823000000;-1147000000;8861000000;-3891000000;2198000000;NULL;1645000000;-2810000000;-2810000000
TMO;2020;-1474000000;7738000000;959000000;8289000000;-1510000000;-299000000;-1302000000;2325000000;-1466000000;-1474000000
MCD;2020;-1640800000;2470400000;-2249000000;6265200000;-1545800000;-212100000;-6800000;1751400000;27400000;NULL
WMT;2020;NULL;NULL;NULL;NULL;NULL;NULL;NULL;NULL;NULL;NULL
CSCO;2020;NULL;NULL;NULL;NULL;NULL;NULL;NULL;NULL;NULL;NULL
ACN;2020;-599132000;2271541000;-4049092000;8215152000;-1894519000;131825000;721500000;1773124000;-599132000;-599132000
ABT;2020;-2177000000;2907000000;-2779000000;7901000000;-2215000000;-892000000;-924000000;3327000000;-2177000000;-2177000000
DHR;2020;-791000000;-14025000000;1006000000;6208000000;-21239000000;579000000;-264000000;1775000000;-789000000;-791000000
NFLX;2020;-497923000;3159034000;1237311000;2427077000;-505354000;-31873000;NULL;10922622000;-497923000;-497923000
LIN;2020;-3400000000;1098000000;-3345000000;7429000000;-2986000000;364000000;19000000;4626000000;NULL;NULL
VZ;2020;-22088000000;19581000000;1325000000;41768000000;-23512000000;56000000;189000000;16720000000;NULL;NULL
ADBE;2020;-419000000;1825000000;-3488000000;5727000000;-414000000;186000000;106000000;757000000;-419000000;-419000000
NKE;2020;NULL;NULL;NULL;NULL;NULL;NULL;NULL;NULL;NULL;NULL
TXN;2020;-649000000;670000000;-4547000000;6139000000;-922000000;-428000000;-340000000;992000000;NULL;NULL
CRM;2020;NULL;NULL;NULL;NULL;NULL;NULL;NULL;NULL;NULL;NULL
NEE;2020;-7759000000;458000000;6174000000;7983000000;-13699000000;-604000000;NULL;4315000000;-245000000;-245000000
PM;2020;-602000000;162000000;-8496000000;9812000000;-1154000000;128000000;26000000;981000000;NULL;NULL
BMY;2020;-753000000;2042000000;-1151000000;14052000000;-10859000000;983000000;-646000000;10380000000;NULL;NULL
COP;2020;-4715000000;-2027000000;-2708000000;4802000000;-4121000000;-372000000;521000000;5521000000;NULL;NULL
QCOM;2020;-1407000000;-5156000000;-5707000000;5814000000;-5263000000;-1607000000;-1529000000;1393000000;NULL;NULL
HON;2020;-906000000;5140000000;-81000000;6208000000;-987000000;1363000000;669000000;1002000000;57000000;-906000000
MS;2020;-1444000000;20655000000;83784000000;-25231000000;-37898000000;-42276000000;-29774000000;3769000000;-1444000000;-1444000000
ORCL;2020;NULL;NULL;NULL;NULL;NULL;NULL;NULL;NULL;NULL;NULL
RTX;2020;-1967000000;1434000000;-5274000000;3606000000;3102000000;811000000;1381000000;4156000000;NULL;NULL
INTC;2020;-14453000000;1671000000;-12669000000;35864000000;-21524000000;2461000000;883000000;12239000000;-14453000000;-14453000000
AMGN;2020;-608000000;229000000;-4867000000;10497000000;-5401000000;-216000000;-427000000;3601000000;-608000000;-608000000
SPGI;2020;-76000000;1161000000;-2166000000;3567000000;-240000000;247000000;18000000;206000000;NULL;NULL
IBM;2020;-3230000000;5448000000;-9721000000;18197000000;-3028000000;8249000000;5297000000;6695000000;-2430000000;-2618000000
GS;2020;-6309000000;17489000000;70380000000;-18535000000;-34356000000;-34080000000;NULL;1902000000;-3339000000;-6309000000
CAT;2020;-2115000000;1087000000;-3755000000;6327000000;-1485000000;-417000000;1442000000;2432000000;772000000;-1137000000
BLK;2020;-194000000;3733000000;244000000;3743000000;-254000000;169000000;-313000000;358000000;-194000000;-194000000
UPS;2020;-5412000000;659000000;-4517000000;10459000000;-5283000000;1081000000;-1562000000;2698000000;40000000;NULL
MDT;2020;NULL;NULL;NULL;NULL;NULL;NULL;NULL;NULL;NULL;NULL
SCHW;2020;-631000000;24983000000;143982000000;6852000000;-125851000000;948000000;-14609000000;604000000;-631000000;-631000000
UNP;2020;-2927000000;962000000;-4902000000;8540000000;-2676000000;266000000;90000000;2210000000;NULL;NULL
DE;2020;-2656000000;3184000000;-980000000;7483000000;-3319000000;1870000000;2009000000;2118000000;-873000000;-2656000000
LOW;2020;NULL;NULL;NULL;NULL;NULL;NULL;NULL;NULL;NULL;NULL
GILD;2020;-650000000;-5677000000;770000000;8168000000;-14615000000;-1638000000;-1171000000;1480000000;NULL;NULL
CVS;2020;-2437000000;2635000000;-7696000000;15865000000;-5534000000;3159000000;-1510000000;4441000000;-2336000000;-2437000000
SBUX;2020;-1483600000;1599600000;1713300000;1597800000;-1711500000;-2676400000;-2700000;1503200000;-1483600000;-1483600000
INTU;2020;NULL;NULL;NULL;NULL;NULL;NULL;NULL;NULL;NULL;NULL
NOW;2020;-432000000;876000000;597000000;1786000000;-1507000000;280000000;-152000000;336000000;-419000000;-419000000
PLD;2020;NULL;-509487000;-372162000;2937005000;-3074330000;-18844000;-112949000;1561969000;NULL;NULL
AXP;2020;-1478000000;8155000000;-9068000000;5591000000;11632000000;-3810000000;NULL;1543000000;-1478000000;-1478000000
MO;2020;-231000000;2846000000;-5396000000;8385000000;-143000000;249000000;20000000;257000000;NULL;NULL
BKNG;2020;-286000000;4250000000;1528000000;85000000;2637000000;-1020000000;891000000;642000000;-286000000;-286000000
T;2020;-15675000000;-2425000000;-32007000000;43130000000;-13548000000;-13317000000;787000000;28516000000;-15675000000;-15675000000
ISRG;2020;-341500000;458500000;-85700000;1484800000;-940600000;-273200000;5700000;276200000;-341500000;-341500000
MMC;2020;-348000000;1664000000;-925000000;3382000000;-793000000;-146000000;-75000000;741000000;6000000;NULL
EL;2020;NULL;NULL;NULL;NULL;NULL;NULL;NULL;NULL;0;NULL
LMT;2020;-1766000000;1646000000;-4527000000;8183000000;-2010000000;82000000;-92000000;1290000000;NULL;NULL
SYK;2020;-487000000;-1435000000;-11000000;3277000000;-4701000000;413000000;354000000;812000000;-487000000;-487000000
BA;2020;-1303000000;-1821000000;34955000000;-18410000000;-18366000000;-17335000000;2001000000;2246000000;-1007000000;-1303000000
ADP;2020;NULL;NULL;NULL;NULL;NULL;NULL;NULL;NULL;NULL;NULL
MDLZ;2020;-863000000;2249000000;-2215000000;3964000000;500000000;-177000000;59000000;1116000000;10000000;NULL
ZTS;2020;-453000000;1677000000;123000000;2126000000;-572000000;-85000000;74000000;441000000;NULL;NULL
GE;2020;-1730000000;-237000000;-19852000000;3568000000;16671000000;588000000;312000000;3464000000;-1376000000;-1579000000
AMT;2020;-1031700000;312100000;1215300000;3881400000;-4784600000;-423600000;-175500000;1882300000;-1031700000;-1031700000
TMUS;2020;-12367000000;8935000000;13010000000;8640000000;-12715000000;-11885000000;-4726000000;14151000000;-11034000000;-11034000000
MU;2020;-8223000000;400000000;-317000000;8306000000;-7589000000;-433000000;-723000000;5650000000;-8223000000;-8223000000
PYPL;2020;-866000000;2128000000;12454000000;6219000000;-16545000000;-587000000;-100000000;1189000000;-746000000;-866000000
C;2020;-3446000000;117662000000;233595000000;-23488000000;-92445000000;-53182000000;-3066000000;3937000000;50000000;NULL
CI;2020;-1094000000;4793000000;-8533000000;10350000000;2976000000;3598000000;-1573000000;2802000000;-1094000000;-1094000000
CB;2020;NULL;182000000;-2082000000;9785000000;-7521000000;5690000000;-450000000;290000000;NULL;NULL
APD;2020;-2509000000;2989400000;3284700000;3264700000;-3560000000;-40100000;127600000;1185000000;-2509000000;-2509000000
F;2020;-5742000000;7969000000;2315000000;24269000000;-18615000000;18998000000;12041000000;7457000000;NULL;NULL
MRNA;2020;-68000000;2388000000;2033000000;2027000000;-1672000000;2578000000;-1385000000;31000000;-68000000;-68000000
EQIX;2020;-2282504000;-301620000;815526000;2309826000;-3426972000;32171000;25412000;1423369000;-2282504000;-2282504000
ICE;2020;-410000000;18520000000;26000000000;2881000000;-10361000000;-129000000;-149000000;751000000;NULL;NULL
GM;2020;-20533000000;396000000;5552000000;16670000000;-21826000000;-399000000;1403000000;12815000000;-1834000000;-15233000000
EW;2020;-407300000;36300000;-486900000;1054300000;-531100000;42200000;41900000;107200000;NULL;NULL
DUK;2020;-9907000000;-17000000;1731000000;8856000000;-10604000000;-541000000;-56000000;5486000000;NULL;NULL
SO;2020;-7441000000;-910000000;-576000000;6696000000;-7030000000;-389000000;-222000000;3905000000;-7441000000;-7441000000
REGN;2020;-614600000;577000000;-1970500000;2618100000;-70600000;-1503600000;-1356100000;235900000;NULL;NULL
PGR;2020;-223500000;-150900000;-938800000;6905600000;-6117700000;2296400000;-1293300000;331800000;-201600000;-223500000
HUM;2020;-964000000;619000000;-1955000000;5639000000;-3065000000;2143000000;-85000000;616000000;-964000000;-964000000
PSA;2020;-169998000;-150528000;-1075716000;2042902000;-1117714000;NULL;NULL;553257000;NULL;NULL
AAPL;2021;-11085000000;-3860000000;-93353000000;104038000000;-14545000000;-4911000000;-14028000000;11284000000;-11085000000;-11085000000
MSFT;2021;-20622000000;677000000;-48486000000;76740000000;-27577000000;-936000000;-6481000000;11686000000;-20622000000;-20622000000
GOOGL;2021;-24640000000;-5233000000;-61362000000;91652000000;-35523000000;-1523000000;-9095000000;12441000000;-24640000000;-24640000000
AMZN;2021;-61053000000;-5536000000;6291000000;46327000000;-58154000000;-19611000000;-9145000000;34433000000;-55396000000;-61053000000
NVDA;2021;-1128000000;-10049000000;3804000000;5822000000;-19675000000;-703000000;-550000000;1098000000;-1128000000;-1128000000
BRK-B;2021;-13276000000;40311000000;-28508000000;39427000000;29392000000;18718000000;-5864000000;10718000000;-13276000000;-13276000000
META;2021;-18690000000;-615000000;-50728000000;57683000000;-7570000000;700000000;-3110000000;7967000000;-18567000000;-18690000000
TSLA;2021;-8014000000;-1574000000;-5203000000;11497000000;-7868000000;667000000;-130000000;2911000000;-6514000000;-6514000000
UNH;2021;-2454000000;4516000000;-7455000000;22343000000;-10372000000;1522000000;-1000000000;3103000000;-2454000000;-2454000000
JNJ;2021;-3652000000;680000000;-14047000000;23410000000;-8683000000;-4238000000;-2402000000;7390000000;-3652000000;-3652000000
V;2021;-705000000;665000000;-14410000000;15227000000;-152000000;-6702000000;-811000000;804000000;-705000000;-705000000
XOM;2021;-12076000000;2471000000;-35423000000;48129000000;-10235000000;4162000000;-12098000000;NULL;-12076000000;-12076000000
PG;2021;-2787000000;-5994000000;-21531000000;18371000000;-2834000000;371000000;-342000000;2735000000;NULL;NULL
LLY;2021;-1978400000;367100000;-4131300000;7365900000;-2867500000;-1012600000;-1278300000;1547600000;-1309800000;-1309800000
MA;2021;-814000000;-2364000000;-6555000000;9463000000;-5272000000;-916000000;-484000000;726000000;-407000000;-407000000
HD;2021;-2463000000;5686000000;-2983000000;18839000000;-10170000000;3023000000;-465000000;2519000000;NULL;NULL
CVX;2021;-8056000000;209000000;-23113000000;29187000000;-5865000000;-1660000000;-7527000000;16895000000;NULL;NULL
MRK;2021;-4448000000;147000000;2593000000;14109000000;-16555000000;-3839000000;-2033000000;3214000000;NULL;NULL
ABBV;2021;-787000000;1394000000;-19039000000;22777000000;-2344000000;-1231000000;-1321000000;8521000000;-787000000;-787000000
PEP;2021;-4625000000;-2433000000;-10780000000;11616000000;-3269000000;718000000;-651000000;3215000000;166000000;NULL
KO;2021;-1367000000;3074000000;-6786000000;12625000000;-2765000000;1325000000;-225000000;1452000000;-1259000000;-1367000000
PFE;2021;-2711000000;217000000;-9816000000;32580000000;-22546000000;12804000000;-3811000000;5191000000;-2711000000;-2711000000
AVGO;2021;-443000000;4545000000;-8974000000;13764000000;-245000000;-127000000;210000000;6041000000;-443000000;-443000000
COST;2021;-3588000000;-1065000000;-6488000000;8958000000;-3535000000;1003000000;NULL;1781000000;-3588000000;-3588000000
TMO;2021;-2523000000;-6039000000;6581000000;9312000000;-21932000000;-1514000000;17000000;2592000000;-2503000000;-2523000000
MCD;2021;-2040000000;1380200000;-5595600000;9141500000;-2165700000;454200000;309900000;1868100000;106200000;NULL
WMT;2021;-10264000000;9886000000;-16117000000;36074000000;-10071000000;7972000000;-1086000000;11152000000;-10049000000;-10264000000
CSCO;2021;-692000000;-1928000000;-12097000000;15454000000;-5285000000;1984000000;1470000000;1862000000;-664000000;-692000000
ACN;2021;-580132000;-260955000;-4926337000;8975148000;-4309766000;32329000;-1471613000;1891242000;-580132000;-580132000
ABT;2021;-1885000000;3031000000;-5494000000;10533000000;-2008000000;-771000000;-383000000;3538000000;-1885000000;-1885000000
DHR;2021;-1240000000;-3334000000;1295000000;8358000000;-12987000000;-561000000;-597000000;2062000000;-1227000000;-1240000000
NFLX;2021;-524585000;-2097019000;-1149776000;392610000;-1339853000;-241977000;NULL;12438779000;-524585000;-524585000
LIN;2021;-3086000000;-870000000;-7588000000;9725000000;-3007000000;1148000000;-553000000;4635000000;NULL;NULL
VZ;2021;-67882000000;-19337000000;8277000000;39539000000;-67153000000;-890000000;-1592000000;16206000000;NULL;NULL
ADBE;2021;-348000000;-608000000;-4301000000;7230000000;-3537000000;292000000;-430000000;788000000;-348000000;-348000000
NKE;2021;-695000000;1398000000;-1459000000;6657000000;-3800000000;45000000;-1606000000;797000000;-695000000;-695000000
TXN;2021;-2462000000;1524000000;-3137000000;8756000000;-4095000000;-165000000;-287000000;954000000;NULL;NULL
CRM;2021;-710000000;2024000000;1194000000;4801000000;-3971000000;-1192000000;-1556000000;2846000000;NULL;NULL
NEE;2021;-7830000000;-231000000;5807000000;7553000000;-13591000000;-486000000;NULL;4214000000;-275000000;-275000000
PM;2021;-748000000;-2368000000;-11977000000;11967000000;-2358000000;1367000000;-198000000;998000000;NULL;NULL
BMY;2021;-973000000;-555000000;-16224000000;16207000000;-538000000;-1261000000;-1054000000;10686000000;NULL;NULL
COP;2021;-5324000000;2117000000;-6335000000;16996000000;-8544000000;1271000000;-2500000000;7208000000;NULL;NULL
QCOM;2021;-1888000000;382000000;-6798000000;10536000000;-3356000000;-461000000;426000000;1582000000;3000000;NULL
HON;2021;-895000000;-3277000000;-8254000000;6038000000;-1061000000;288000000;-8000000;1223000000;27000000;NULL
MS;2021;-2308000000;25621000000;41547000000;33971000000;-49897000000;12689000000;774000000;4216000000;-2308000000;-2308000000
ORCL;2021;-2135000000;-7589000000;-10378000000;15887000000;-13098000000;-148000000;333000000;2916000000;NULL;NULL
RTX;2021;-2442000000;-978000000;-6685000000;7071000000;-1364000000;-278000000;-2164000000;4557000000;NULL;NULL
INTC;2021;-20329000000;-1038000000;-6211000000;29456000000;-24283000000;-5408000000;-2674000000;11792000000;-20329000000;-20329000000
AMGN;2021;-880000000;1723000000;-8271000000;9261000000;733000000;-1194000000;-429000000;3398000000;-880000000;-880000000
SPGI;2021;-35000000;2465000000;-1013000000;3598000000;-120000000;-70000000;-144000000;178000000;NULL;NULL
IBM;2021;-2768000000;-6533000000;-13354000000;12796000000;-5975000000;1791000000;1372000000;6417000000;-1675000000;-2062000000
GS;2021;-4667000000;110571000000;134738000000;6298000000;-30465000000;-20062000000;NULL;2015000000;-734000000;-4667000000
CAT;2021;-2472000000;-74000000;-4188000000;7198000000;-3084000000;-647000000;-1259000000;2352000000;1265000000;NULL
BLK;2021;-341000000;720000000;-2287000000;4944000000;-1937000000;658000000;-322000000;415000000;-341000000;-341000000
UPS;2021;-4194000000;4366000000;-6823000000;15007000000;-3818000000;-664000000;-2147000000;2953000000;872000000;NULL
MDT;2021;-1355000000;-762000000;-4136000000;6240000000;-2866000000;-701000000;-761000000;2702000000;-1355000000;-1355000000
SCHW;2021;-916000000;22778000000;96323000000;2118000000;-75663000000;-7926000000;-26168000000;1164000000;-916000000;-916000000
UNP;2021;-2936000000;-835000000;-7158000000;9032000000;-2709000000;203000000;-217000000;2208000000;NULL;NULL
DE;2021;-2580000000;898000000;-1078000000;7726000000;-5750000000;396000000;969000000;2050000000;-486000000;-2580000000
LOW;2021;-1791000000;3964000000;-5191000000;11049000000;-1894000000;1895000000;NULL;1594000000;90000000;NULL
GILD;2021;-579000000;-624000000;-8877000000;11384000000;-3131000000;489000000;313000000;2050000000;NULL;NULL
CVS;2021;-2520000000;1648000000;-11356000000;18265000000;-5261000000;3857000000;-2703000000;4486000000;-2520000000;-2520000000
SBUX;2021;-1470000000;2018600000;-3651000000;5989100000;-319500000;-501200000;-43000000;1524100000;-1470000000;-1470000000
INTU;2021;-125000000;-3891000000;-3176000000;3250000000;-3965000000;-11000000;-155000000;363000000;-53000000;-53000000
NOW;2021;-392000000;78000000;-506000000;2191000000;-1607000000;58000000;-401000000;472000000;-392000000;-392000000
PLD;2021;NULL;-2341000;-1008325000;2996042000;-1990058000;-165876000;-342734000;1577942000;NULL;NULL
AXP;2021;-1550000000;-10817000000;-14933000000;14645000000;-10529000000;6457000000;NULL;1695000000;-1550000000;-1550000000
MO;2021;-169000000;-412000000;-10029000000;8405000000;1212000000;3000000;-18000000;244000000;NULL;NULL
BKNG;2021;-304000000;583000000;-1239000000;2820000000;-998000000;269000000;-1002000000;599000000;-304000000;-304000000
T;2021;-15545000000;11446000000;1578000000;41958000000;-32090000000;-4236000000;-1396000000;17852000000;NULL;NULL
ISRG;2021;-339500000;-329100000;43000000;2089400000;-2461500000;-368100000;-142300000;310200000;-339500000;-339500000
MMC;2021;-406000000;1055000000;-1297000000;3516000000;-1164000000;-746000000;-570000000;747000000;NULL;NULL
EL;2021;-637000000;-125000000;-1892000000;3631000000;-1864000000;554000000;-398000000;651000000;0;NULL
LMT;2021;-1522000000;444000000;-7616000000;9221000000;-1161000000;-213000000;-1019000000;1364000000;NULL;NULL
SYK;2021;-525000000;39000000;-2365000000;3263000000;-859000000;-67000000;-377000000;990000000;-525000000;-525000000
BA;2021;-980000000;308000000;-5600000000;-3416000000;9324000000;-6977000000;-1089000000;2144000000;-451000000;-980000000
ADP;2021;-505900000;6015800000;6437500000;3093300000;-3515000000;-937400000;-339800000;510700000;18800000;NULL
MDLZ;2021;-965000000;46000000;-4069000000;4141000000;-26000000;-649000000;-197000000;1113000000;214000000;NULL
ZTS;2021;-477000000;-107000000;-1862000000;2213000000;-458000000;-343000000;-155000000;448000000;NULL;NULL
GE;2021;-1113000000;-21868000000;-45397000000;3481000000;21379000000;-278000000;1531000000;2360000000;-962000000;-1113000000
AMT;2021;-1376700000;552200000;16424500000;4819900000;-20692200000;102100000;-191700000;2332600000;-1376700000;-1376700000
TMUS;2021;-21692000000;-3760000000;1709000000;13917000000;-19386000000;-7114000000;-6366000000;16383000000;-12286000000;-12326000000
MU;2021;-10030000000;98000000;-1781000000;12468000000;-10589000000;-370000000;-1446000000;6214000000;NULL;NULL
PYPL;2021;-908000000;91000000;-557000000;5797000000;-5149000000;-1645000000;-222000000;1265000000;-903000000;-908000000
C;2021;-4119000000;-46384000000;17272000000;47090000000;-110746000000;38864000000;NULL;3964000000;190000000;NULL
CI;2021;-1154000000;-4632000000;-8212000000;7191000000;-3611000000;-879000000;-3498000000;2923000000;-1154000000;-1154000000
CB;2021;NULL;81000000;-4411000000;11151000000;-6659000000;2322000000;-2933000000;287000000;NULL;NULL
APD;2021;-2464200000;-811900000;-1420900000;3341900000;-2732900000;16700000;-55000000;1321300000;-2464200000;-2464200000
F;2021;-6227000000;-4966000000;-23498000000;15787000000;2745000000;4701000000;6515000000;5960000000;NULL;NULL
MRNA;2021;-284000000;4224000000;-873000000;13620000000;-8523000000;1308000000;-1784000000;232000000;-284000000;-284000000
EQIX;2021;-2751512000;-45767000;413765000;2547206000;-3006738000;-132734000;-1873000;1656290000;-2751512000;-2751512000
ICE;2021;-452000000;64363000000;62026000000;3123000000;-786000000;-87000000;-5000000;1009000000;NULL;NULL
GM;2021;-22111000000;577000000;1744000000;15188000000;-16355000000;-3366000000;3347000000;12051000000;-209000000;-14602000000
EW;2021;-329800000;-346700000;-356300000;1732100000;-1722500000;145300000;-91100000;134800000;NULL;NULL
DUK;2021;-9715000000;-36000000;2609000000;8290000000;-10935000000;-677000000;-297000000;5663000000;NULL;NULL
SO;2021;-7586000000;761000000;1945000000;6169000000;-7353000000;-784000000;-77000000;3973000000;-7586000000;-7586000000
REGN;2021;-551900000;690800000;-1005800000;7081300000;-5384700000;-1916500000;-1927400000;286200000;NULL;NULL
PGR;2021;-243500000;125600000;-4516300000;7761700000;-3119800000;5355200000;-1655500000;337400000;-177300000;-243500000
HUM;2021;-1342000000;-1279000000;3015000000;2262000000;-6556000000;-556000000;-280000000;713000000;-1316000000;-1342000000
PSA;2021;-270238000;478185000;3498141000;2543555000;-5563511000;12865000;NULL;713428000;NULL;NULL
AAPL;2022;-10708000000;-10952000000;-110749000000;122151000000;-22354000000;1200000000;-9343000000;11104000000;-10708000000;-10708000000
MSFT;2022;-23886000000;-152000000;-58876000000;89035000000;-30311000000;446000000;-6834000000;14460000000;-23886000000;-23886000000
GOOGL;2022;-31485000000;1440000000;-69757000000;91495000000;-20298000000;-2235000000;-2317000000;13475000000;-31485000000;-31485000000
AMZN;2022;-63645000000;18869000000;9718000000;46752000000;-37601000000;-20886000000;-8622000000;41921000000;-58321000000;-63645000000
NVDA;2022;-976000000;1143000000;1865000000;9108000000;-9830000000;-3363000000;-2215000000;1174000000;-976000000;-976000000
BRK-B;2022;-15464000000;-51913000000;-1662000000;37350000000;-87601000000;-14968000000;-5621000000;10899000000;-15464000000;-15464000000
META;2022;-31431000000;-631000000;-22136000000;50475000000;-28970000000;5683000000;231000000;8686000000;-31186000000;-31431000000
TSLA;2022;-7172000000;-776000000;-3527000000;14724000000;-11973000000;-3712000000;-1124000000;3747000000;-7163000000;-7163000000
UNH;2022;-2802000000;1956000000;4226000000;26206000000;-28476000000;2246000000;-2523000000;3400000000;-2802000000;-2802000000
JNJ;2022;-4009000000;-48000000;-8871000000;21194000000;-12371000000;-4011000000;-1290000000;6970000000;-4009000000;-4009000000
V;2022;-970000000;1865000000;-12696000000;18849000000;-4288000000;-7657000000;-494000000;861000000;-970000000;-970000000
XOM;2022;-18407000000;22941000000;-39114000000;76797000000;-14742000000;-194000000;-11019000000;NULL;-18407000000;-18407000000
PG;2022;-3156000000;-2577000000;-14876000000;16723000000;-4424000000;-1147000000;-694000000;2807000000;NULL;NULL
LLY;2022;-2985300000;-1583900000;-5406700000;7585700000;-3762900000;-800000;-299600000;1522500000;-1854300000;-1854300000
MA;2022;-1097000000;-603000000;-10328000000;11195000000;-1470000000;-904000000;-469000000;750000000;-442000000;-442000000
HD;2022;-2566000000;-5518000000;-19120000000;16571000000;-2969000000;-3319000000;-435000000;2862000000;NULL;NULL
CVX;2022;-11974000000;12516000000;-24978000000;49602000000;-12108000000;2066000000;-2164000000;14809000000;NULL;NULL
MRK;2022;-4388000000;5016000000;-9119000000;19095000000;-4960000000;-2782000000;-644000000;3909000000;NULL;NULL
ABBV;2022;-695000000;-483000000;-24803000000;24943000000;-623000000;-94000000;-1455000000;8467000000;-695000000;-695000000
PEP;2022;-5207000000;-142000000;-8523000000;10811000000;-2430000000;-888000000;-1763000000;3280000000;251000000;NULL
KO;2022;-1484000000;5000000;-10250000000;11018000000;-763000000;-605000000;-69000000;1260000000;-1409000000;-1484000000
PFE;2022;-3236000000;-1350000000;-14834000000;29267000000;-15783000000;-5639000000;261000000;5064000000;-3236000000;-3236000000
AVGO;2022;-424000000;253000000;-15816000000;16736000000;-667000000;-1654000000;-870000000;4984000000;-424000000;-424000000
COST;2022;-3891000000;-806000000;-4283000000;7392000000;-3915000000;-1563000000;NULL;1900000000;-3891000000;-3891000000
TMO;2022;-2243000000;4185000000;-2810000000;9154000000;-2159000000;-1008000000;-784000000;3381000000;-2219000000;-2243000000
MCD;2022;-1899200000;-1871600000;-6580200000;7386700000;-2678100000;-644600000;-264100000;1870600000;38900000;NULL
WMT;2022;-13106000000;-4662000000;-22828000000;24181000000;-6015000000;-6597000000;-1796000000;10658000000;-12712000000;-13106000000
CSCO;2022;-477000000;-1183000000;-15962000000;13226000000;1553000000;-1722000000;232000000;1957000000;-477000000;-477000000
ACN;2022;-717998000;-30526000;-5311026000;9541129000;-4260629000;-806567000;-2411735000;1310738000;-717998000;-717998000
ABT;2022;-1777000000;205000000;-7636000000;9581000000;-1740000000;-1519000000;-68000000;3267000000;-1777000000;-1777000000
DHR;2022;-1118000000;3715000000;-2570000000;8519000000;-2234000000;-1413000000;-389000000;2132000000;-1109000000;-1118000000
NFLX;2022;-407729000;-714389000;-664254000;2026257000;-2076392000;-758087000;NULL;14362814000;-407729000;-407729000
LIN;2022;-3173000000;2687000000;-3089000000;8864000000;-3088000000;-310000000;-423000000;4204000000;NULL;NULL
VZ;2022;-26740000000;-50000000;-8529000000;37141000000;-28662000000;-456000000;-1978000000;17099000000;NULL;NULL
ADBE;2022;-442000000;443000000;-6825000000;7838000000;-570000000;336000000;-198000000;856000000;-442000000;-442000000
NKE;2022;-758000000;-1172000000;-4836000000;5188000000;-1524000000;-1660000000;-504000000;840000000;-758000000;-758000000
TXN;2022;-2797000000;-1581000000;-6718000000;8720000000;-3583000000;-813000000;-194000000;979000000;NULL;NULL
CRM;2022;-717000000;-698000000;7838000000;6000000000;-14536000000;-1658000000;-1824000000;3298000000;NULL;NULL
NEE;2022;-9742000000;2132000000;12229000000;8262000000;-18359000000;412000000;NULL;4790000000;-223000000;-223000000
PM;2022;-1077000000;-1070000000;3806000000;10803000000;-15679000000;162000000;-871000000;1077000000;NULL;NULL
BMY;2022;-1118000000;-4958000000;-16962000000;13066000000;-1062000000;-2229000000;-663000000;10276000000;NULL;NULL
COP;2022;-10159000000;1520000000;-18053000000;28314000000;-8741000000;-234000000;-963000000;NULL;NULL;NULL
QCOM;2022;-2262000000;-3904000000;-7196000000;9096000000;-5804000000;-7800000000;-2066000000;1762000000;5000000;NULL
HON;2022;-766000000;-1149000000;-6330000000;5274000000;-93000000;-745000000;-739000000;1204000000;29000000;NULL
MS;2022;-3078000000;4685000000;22714000000;-6397000000;-11632000000;-23498000000;14664000000;3998000000;-3078000000;-3078000000
ORCL;2022;-4511000000;-8367000000;-29126000000;9539000000;11220000000;-1987000000;-874000000;3122000000;NULL;NULL
RTX;2022;-2775000000;-1520000000;-5859000000;7168000000;-2829000000;522000000;203000000;4108000000;NULL;NULL
INTC;2022;-25050000000;6317000000;1115000000;15433000000;-10231000000;-4508000000;5327000000;13035000000;-25050000000;-25050000000
AMGN;2022;-936000000;-360000000;-4037000000;9721000000;-6044000000;-733000000;-746000000;3417000000;-936000000;-936000000
SPGI;2022;-89000000;-5095000000;-11326000000;2603000000;3628000000;-238000000;36000000;1013000000;NULL;NULL
IBM;2022;-1972000000;1275000000;-4958000000;10435000000;-4202000000;202000000;-539000000;4802000000;-1235000000;-1346000000
GS;2022;-3748000000;-7650000000;59602000000;8708000000;-75960000000;-9394000000;NULL;2455000000;-1042000000;-3748000000
CAT;2022;-2599000000;-2056000000;-7281000000;7766000000;-2541000000;-1800000000;-220000000;2219000000;830000000;NULL
BLK;2022;-533000000;-1616000000;-5442000000;4956000000;-1130000000;-897000000;416000000;418000000;-533000000;-533000000
UPS;2022;-4769000000;-4553000000;-11185000000;14104000000;-7472000000;-369000000;-322000000;3188000000;NULL;NULL
MDT;2022;-1368000000;352000000;-5336000000;7346000000;-1659000000;-889000000;-477000000;2707000000;-1368000000;-1368000000
SCHW;2022;-971000000;-34618000000;-68723000000;2057000000;32048000000;-8587000000;23947000000;1248000000;-971000000;-971000000
UNP;2022;-3620000000;4000000;-5887000000;9362000000;-3471000000;8000000;-169000000;2246000000;NULL;NULL
DE;2022;-3788000000;-2960000000;826000000;4699000000;-8485000000;-4315000000;-2483000000;1895000000;-1695000000;-3788000000
LOW;2022;-1853000000;-3549000000;-12016000000;10113000000;-1646000000;-1127000000;NULL;1882000000;113000000;NULL
GILD;2022;-728000000;137000000;-6469000000;9072000000;-2466000000;-1763000000;-406000000;2103000000;NULL;NULL
CVS;2022;-2727000000;614000000;-10516000000;16177000000;-5047000000;6818000000;-2971000000;4224000000;-2727000000;-2727000000
SBUX;2022;-1841300000;-3387000000;-5638000000;4397300000;-2146300000;-2133000000;-326100000;1529400000;-1841300000;-1841300000
INTU;2022;-229000000;200000000;1732000000;3889000000;-5421000000;-436000000;-2000000;746000000;-157000000;-157000000
NOW;2022;-550000000;-204000000;-344000000;2723000000;-2583000000;174000000;-340000000;433000000;-550000000;-550000000
PLD;2022;NULL;-256838000;115789000;4126430000;-4499057000;-26224000;-135254000;1812777000;NULL;NULL
AXP;2022;-1855000000;11899000000;24509000000;21079000000;-33689000000;10206000000;NULL;1626000000;-1855000000;-1855000000
MO;2022;-205000000;-503000000;-9541000000;8256000000;782000000;-586000000;-21000000;226000000;NULL;NULL
BKNG;2022;-368000000;1139000000;-4897000000;6554000000;-518000000;1795000000;-1228000000;607000000;233000000;-368000000
T;2022;-19626000000;-17523000000;-23741000000;32023000000;-25805000000;-1849000000;881000000;18021000000;NULL;NULL
ISRG;2022;-532400000;289300000;-2572300000;1490800000;1370800000;-619100000;-159300000;365800000;-532400000;-532400000
MMC;2022;-470000000;1569000000;-1046000000;3465000000;-850000000;-1012000000;-492000000;719000000;NULL;NULL
EL;2022;-1040000000;-941000000;-3036000000;3040000000;-945000000;-554000000;-10000000;727000000;NULL;NULL
LMT;2022;-1670000000;-1057000000;-7070000000;7802000000;-1789000000;-997000000;-2281000000;1404000000;NULL;NULL
SYK;2022;-588000000;-1049000000;-749000000;2624000000;-2924000000;-1068000000;-579000000;998000000;-588000000;-588000000
BA;2022;-1222000000;6616000000;-1266000000;3512000000;4370000000;4139000000;290000000;1979000000;-1187000000;-1222000000
ADP;2022;-553400000;9738500000;13653400000;3099500000;-7014400000;-1638300000;-486500000;515100000;34200000;NULL
MDLZ;2022;-906000000;-1436000000;-456000000;3908000000;-4888000000;-521000000;-719000000;1107000000;45000000;NULL
ZTS;2022;-586000000;125000000;-904000000;1912000000;-883000000;-699000000;-137000000;465000000;NULL;NULL
GE;2022;-1174000000;-26000000;-5585000000;5916000000;2270000000;1592000000;-1067000000;2902000000;-968000000;-1174000000
AMT;2022;-1873600000;-82200000;-1423200000;3696200000;-2355200000;-1619200000;-78600000;3355100000;-1873600000;-1873600000
TMUS;2022;-17301000000;-2029000000;-6451000000;16781000000;-12359000000;-3055000000;-6342000000;13651000000;-13961000000;-13970000000
MU;2022;-12067000000;616000000;-2980000000;15181000000;-11585000000;-1245000000;190000000;7116000000;NULL;NULL
PYPL;2022;-706000000;1282000000;-1203000000;5813000000;-3328000000;-454000000;-163000000;1317000000;-701000000;-706000000
C;2022;-5632000000;83377000000;137763000000;25069000000;-79455000000;19553000000;NULL;4262000000;63000000;NULL
CI;2022;-1295000000;514000000;-11240000000;8656000000;3098000000;584000000;-1844000000;2937000000;-1295000000;-1295000000
CB;2022;NULL;462000000;-5142000000;11258000000;-5654000000;3427000000;-2433000000;285000000;NULL;NULL
APD;2022;-2926500000;-1627600000;-1000600000;3230200000;-3857200000;-115800000;-477000000;1338200000;-2926500000;-2926500000
F;2022;-6866000000;5017000000;2511000000;6853000000;-4347000000;-7051000000;-11743000000;6493000000;NULL;NULL
MRNA;2022;-400000000;-3643000000;-3448000000;4981000000;-5176000000;-3455000000;1790000000;348000000;-400000000;-400000000
EQIX;2022;-2278004000;456995000;856766000;2963182000;-3362953000;26475000;-153415000;1736208000;-2278004000;-2278004000
ICE;2022;-482000000;2390000000;-1841000000;3554000000;677000000;123000000;20000000;1031000000;NULL;NULL
GM;2022;-21187000000;-1456000000;383000000;16043000000;-17882000000;-2977000000;-9483000000;11290000000;2285000000;-11949000000
EW;2022;-264800000;-114000000;-1584500000;1218200000;252300000;-421400000;-84100000;139600000;NULL;NULL
DUK;2022;-11367000000;83000000;6129000000;5927000000;-11973000000;-3248000000;-788000000;5843000000;NULL;NULL
SO;2022;-7923000000;208000000;2336000000;6302000000;-8430000000;160000000;-771000000;4064000000;-7923000000;-7923000000
REGN;2022;-1616900000;221300000;-1009000000;5014900000;-3784600000;-243300000;707800000;341400000;NULL;NULL
PGR;2022;-292000000;18800000;1126200000;6848800000;-7956200000;3556800000;-1869000000;336600000;-256900000;-292000000
HUM;2022;-1137000000;1667000000;-1914000000;4587000000;-1006000000;534000000;-54000000;845000000;-1120000000;-1137000000
PSA;2022;-459773000;43867000;-4193270000;3117141000;1119996000;-9051000;NULL;888146000;NULL;NULL
AAPL;2023;-10959000000;5760000000;-108488000000;110543000000;3705000000;-6577000000;-417000000;11519000000;-10959000000;-10959000000
MSFT;2023;-28107000000;20967000000;-43935000000;87582000000;-22680000000;-2388000000;-4087000000;13861000000;-28107000000;-28107000000
GOOGL;2023;-32251000000;2590000000;-72093000000;101746000000;-27063000000;-3845000000;-7833000000;11946000000;-32251000000;-32251000000
AMZN;2023;-52729000000;19234000000;-15879000000;84946000000;-49833000000;-11541000000;-8348000000;48663000000;-48133000000;-52729000000
NVDA;2023;-1833000000;1399000000;-11617000000;5641000000;7375000000;-2207000000;822000000;1544000000;-1833000000;-1833000000
BRK-B;2023;-19409000000;2128000000;-14405000000;49196000000;-32663000000;20441000000;-1949000000;12486000000;-19409000000;-19409000000
META;2023;-27266000000;27118000000;-19500000000;71113000000;-24495000000;3836000000;-2399000000;11178000000;-27045000000;-27266000000
TSLA;2023;-8899000000;261000000;2589000000;13256000000;-15584000000;-2248000000;-586000000;4667000000;-8899000000;-8899000000
UNH;2023;-3386000000;1965000000;-11529000000;29068000000;-15574000000;1643000000;-3114000000;3972000000;-3386000000;-3386000000
JNJ;2023;-5013000000;7844000000;-15825000000;22791000000;878000000;2507000000;-624000000;7486000000;-4543000000;-4543000000
V;2023;-1059000000;977000000;-17772000000;20755000000;-2006000000;-10022000000;-410000000;943000000;-1059000000;-1059000000
XOM;2023;-21919000000;1798000000;-34297000000;55369000000;-19274000000;-4255000000;4370000000;NULL;-21919000000;-21919000000
PG;2023;-3062000000;1202000000;-12146000000;16848000000;-3500000000;-1220000000;-307000000;2714000000;NULL;NULL
LLY;2023;-7392100000;583000000;3495600000;4240100000;-7152700000;-3055000000;-2451000000;1527300000;-3447600000;-3447600000
MA;2023;-1088000000;1141000000;-9488000000;11980000000;-1351000000;-1943000000;-717000000;799000000;-371000000;-371000000
HD;2023;-3119000000;482000000;-10993000000;14615000000;-3140000000;-6102000000;111000000;2975000000;NULL;NULL
CVX;2023;-15829000000;-9732000000;-30109000000;35609000000;-15232000000;-3335000000;1337000000;14553000000;NULL;NULL
MRK;2023;-3863000000;-5887000000;-4810000000;13006000000;-14083000000;-2205000000;-1148000000;3872000000;NULL;NULL
ABBV;2023;-777000000;3608000000;-17222000000;22839000000;-2009000000;2813000000;66000000;8698000000;-777000000;-777000000
PEP;2023;-5518000000;4938000000;-3009000000;13442000000;-5495000000;-337000000;-793000000;3518000000;198000000;NULL
KO;2023;-1852000000;-60000000;-8310000000;11599000000;-3349000000;-846000000;-2000000;1128000000;-1778000000;-1852000000
PFE;2023;-3907000000;2489000000;26066000000;8700000000;-32278000000;-2172000000;347000000;6290000000;-3907000000;-3907000000
AVGO;2023;-452000000;1773000000;-15623000000;18085000000;-689000000;-1643000000;-187000000;3835000000;-452000000;-452000000
COST;2023;-4323000000;3482000000;-2614000000;11068000000;-4972000000;1018000000;NULL;2077000000;-4323000000;-4323000000
TMO;2023;-1479000000;-358000000;-3622000000;8406000000;-5142000000;-495000000;209000000;3406000000;-1392000000;-1479000000
MCD;2023;-2357400000;2053300000;-4374100000;9611900000;-3184500000;-108000000;-161000000;1978200000;94900000;NULL
WMT;2023;-16857000000;-5920000000;-17039000000;28841000000;-17722000000;2553000000;240000000;10945000000;-16687000000;-16857000000
CSCO;2023;-849000000;3153000000;-11626000000;19886000000;-5107000000;5042000000;1836000000;1726000000;-849000000;-849000000
ACN;2023;-528172000;1256472000;-5645326000;9524268000;-2622470000;-1185363000;87669000;1400755000;-528172000;-528172000
ABT;2023;-2202000000;-2963000000;-7091000000;7261000000;-3133000000;-2475000000;-356000000;3243000000;-2202000000;-2202000000
DHR;2023;-1383000000;-190000000;-273000000;7164000000;-7081000000;-393000000;322000000;2166000000;-1371000000;-1383000000
NFLX;2023;-348552000;1865249000;-5950803000;7274301000;541751000;-116148000;NULL;14554384000;-348552000;-348552000
LIN;2023;-3787000000;-765000000;-5400000000;9305000000;-4670000000;-483000000;-86000000;3816000000;NULL;NULL
VZ;2023;-24563000000;-614000000;-14657000000;37475000000;-23432000000;-267000000;-2198000000;17624000000;NULL;NULL
ADBE;2023;-360000000;2896000000;-5182000000;7302000000;776000000;-355000000;-159000000;872000000;-360000000;-360000000
NKE;2023;-969000000;-1042000000;-7447000000;5841000000;564000000;-513000000;489000000;859000000;-969000000;-969000000
TXN;2023;-5071000000;-86000000;-2144000000;6420000000;-4362000000;-1099000000;108000000;1238000000;NULL;NULL
CRM;2023;-798000000;1560000000;-3562000000;7111000000;-1989000000;-2069000000;-995000000;3786000000;NULL;NULL
NEE;2023;-9548000000;-17000000;12149000000;11301000000;-23467000000;-1393000000;NULL;6151000000;-185000000;-185000000
PM;2023;-1321000000;24000000;-5582000000;9204000000;-3598000000;-1300000000;314000000;1398000000;NULL;NULL
BMY;2023;-1209000000;2149000000;-9416000000;13860000000;-2295000000;-1914000000;-995000000;9760000000;NULL;NULL
COP;2023;-11248000000;-696000000;-8661000000;19965000000;-12000000000;-1382000000;1333000000;NULL;NULL;NULL
QCOM;2023;-1450000000;5398000000;-6663000000;11299000000;762000000;1148000000;2472000000;1809000000;127000000;NULL
HON;2023;-1039000000;-1716000000;-5763000000;5340000000;-1293000000;361000000;-42000000;1176000000;43000000;NULL
MS;2023;-3412000000;-39346000000;-2726000000;-33536000000;-3084000000;-49108000000;602000000;4256000000;-3412000000;NULL
ORCL;2023;-8695000000;-11409000000;7910000000;17165000000;-36484000000;513000000;-151000000;6108000000;NULL;NULL
RTX;2023;-3166000000;317000000;-4527000000;7883000000;-3039000000;1515000000;-2558000000;4211000000;NULL;NULL
INTC;2023;-25750000000;-4065000000;8505000000;11471000000;-24041000000;-2569000000;731000000;9602000000;-25750000000;-25750000000
AMGN;2023;-1112000000;3315000000;21048000000;8471000000;-26204000000;-484000000;-1015000000;4071000000;-1112000000;-1112000000
SPGI;2023;-143000000;-8000000;-4280000000;3710000000;562000000;-460000000;-291000000;1143000000;NULL;NULL
IBM;2023;-1810000000;5092000000;-1769000000;13931000000;-7070000000;2184000000;725000000;4396000000;-924000000;-1245000000
GS;2023;-2316000000;-2099000000;27800000000;-12587000000;-17312000000;-27712000000;NULL;4856000000;962000000;-2316000000
CAT;2023;-3092000000;82000000;-6932000000;12885000000;-5871000000;151000000;-437000000;2144000000;781000000;NULL
BLK;2023;-344000000;1214000000;-1992000000;4165000000;-959000000;-346000000;-586000000;427000000;-344000000;-344000000
UPS;2023;-5158000000;-2429000000;-5534000000;10238000000;-7133000000;-372000000;1256000000;3366000000;NULL;NULL
MDT;2023;-1459000000;-2414000000;-4960000000;6039000000;-3493000000;-967000000;-576000000;2697000000;-1459000000;-1459000000
SCHW;2023;-700000000;15753000000;-61245000000;19587000000;57411000000;11808000000;-2135000000;1338000000;-700000000;-700000000
UNP;2023;-3606000000;87000000;-4625000000;8379000000;-3667000000;-303000000;-177000000;2318000000;NULL;NULL
DE;2023;-4468000000;2648000000;2808000000;8589000000;-8749000000;-3337000000;-4253000000;2004000000;-2487000000;-4468000000
LOW;2023;-1829000000;231000000;-7049000000;8589000000;-1309000000;-2882000000;NULL;1981000000;45000000;NULL
GILD;2023;-585000000;616000000;-5125000000;8006000000;-2265000000;-2303000000;157000000;2693000000;NULL;NULL
CVS;2023;-3031000000;-4780000000;2683000000;13426000000;-20889000000;15000000;-6260000000;4366000000;-3031000000;-3031000000
SBUX;2023;-2333600000;747300000;-2990600000;6008700000;-2270800000;-1133400000;-4100000;1450300000;-2333600000;-2333600000
INTU;2023;-260000000;-145000000;-4269000000;5046000000;-922000000;601000000;106000000;806000000;-210000000;-210000000
NOW;2023;-694000000;428000000;-803000000;3398000000;-2167000000;-101000000;-300000000;562000000;-694000000;-694000000
PLD;2023;NULL;273943000;1320282000;5373058000;-6419397000;70074000;-184985000;2484891000;NULL;NULL
AXP;2023;-1563000000;12505000000;18379000000;18559000000;-24433000000;3821000000;NULL;1651000000;-1563000000;-1563000000
MO;2023;-196000000;-370000000;-8374000000;9287000000;-1283000000;-47000000;6000000;272000000;NULL;NULL
BKNG;2023;-345000000;-79000000;-8909000000;7344000000;1486000000;1709000000;-1330000000;665000000;-345000000;-345000000
T;2023;-17853000000;3040000000;-15614000000;38314000000;-19660000000;-2456000000;-51000000;18777000000;NULL;NULL
ISRG;2023;-1064200000;1166100000;-287600000;1813800000;-360100000;-777600000;-186300000;421800000;-1064200000;-1064200000
MMC;2023;-416000000;1722000000;-1119000000;4258000000;-1417000000;-908000000;-467000000;713000000;NULL;NULL
EL;2023;-3289000000;104000000;1590000000;1731000000;-3217000000;-356000000;185000000;744000000;NULL;NULL
LMT;2023;-1691000000;-1105000000;-7331000000;7920000000;-1694000000;-194000000;-492000000;1430000000;NULL;NULL
SYK;2023;-575000000;1155000000;-1594000000;3711000000;-962000000;-500000000;-175000000;1028000000;-575000000;-575000000
BA;2023;-1527000000;-1964000000;-5487000000;5960000000;-2437000000;4089000000;764000000;1861000000;-1500000000;-1527000000
ADP;2023;-571600000;-13990400000;-15680700000;4207600000;-2517300000;-938700000;129200000;549300000;0;NULL
MDLZ;2023;-1112000000;-32000000;-7558000000;4714000000;2812000000;-487000000;-628000000;1215000000;19000000;NULL
ZTS;2023;-732000000;-1533000000;-3109000000;2353000000;-777000000;-512000000;-102000000;491000000;NULL;NULL
GE;2023;-1595000000;-852000000;-8613000000;5179000000;3977000000;1638000000;450000000;2079000000;-1506000000;-1595000000
AMT;2023;-1798100000;-70500000;-3097400000;4722400000;-1695500000;-813900000;-34500000;3086500000;-1798100000;-1798100000
TMUS;2023;-10811000000;633000000;-12097000000;18559000000;-5829000000;-7058000000;-4868000000;12818000000;-9789000000;-9801000000
MU;2023;-7676000000;351000000;4983000000;1559000000;-6191000000;-2896000000;2763000000;7756000000;NULL;NULL
PYPL;2023;-623000000;2602000000;-2993000000;4843000000;752000000;-1314000000;-114000000;1072000000;-578000000;-623000000
C;2023;-6583000000;-81188000000;687000000;-73416000000;-8459000000;-99387000000;NULL;4560000000;56000000;NULL
CI;2023;-1573000000;2345000000;-4294000000;11813000000;-5174000000;3488000000;-2202000000;3035000000;-1573000000;-1573000000
CB;2023;NULL;495000000;-4489000000;12632000000;-7648000000;2263000000;-1570000000;310000000;NULL;NULL
APD;2023;-4626400000;-1100500000;1609600000;3206300000;-5916400000;-424800000;36900000;1358300000;-4626400000;-4626400000
F;2023;-8236000000;-126000000;2584000000;14918000000;-17628000000;1163000000;-7447000000;6523000000;NULL;NULL
MRNA;2023;-707000000;-289000000;-1377000000;-3118000000;4206000000;-139000000;493000000;621000000;-707000000;-707000000
EQIX;2023;-2781018000;203677000;211446000;3216595000;-3224364000;-75323000;-150345000;1845138000;-2781018000;-2781018000
ICE;2023;-489000000;-69600000000;-64345000000;3542000000;-8797000000;-388000000;-71000000;1215000000;NULL;NULL
GM;2023;-24610000000;-85000000;-6353000000;20930000000;-14663000000;1822000000;-1799000000;11888000000;-607000000;-13640000000
EW;2023;-266300000;358600000;-711000000;895800000;173800000;-526300000;-141200000;144900000;NULL;NULL
DUK;2023;-12604000000;-246000000;2351000000;9878000000;-12475000000;250000000;443000000;6084000000;NULL;NULL
SO;2023;-9095000000;-1116000000;999000000;7553000000;-9668000000;-135000000;482000000;4986000000;-9095000000;-9095000000
REGN;2023;-926400000;-381200000;-1790100000;4594000000;-3185100000;-94100000;-338800000;421000000;NULL;NULL
PGR;2023;-252000000;-121300000;78000000;10643300000;-10842600000;6595400000;-803100000;299700000;-204800000;-252000000
HUM;2023;-1004000000;-367000000;-856000000;3981000000;-3492000000;81000000;-337000000;917000000;-794000000;-1004000000
PSA;2023;-461137000;-404782000;-112928000;3246648000;-3538502000;18901000;NULL;970056000;NULL;NULL
MSFT;2024;-44477000000;-16179000000;-37757000000;118548000000;-96970000000;1824000000;-7191000000;22287000000;-44477000000;-44477000000
NVDA;2024;-1069000000;3891000000;-13633000000;28090000000;-10566000000;-3722000000;-6172000000;1508000000;-1069000000;-1069000000
PG;2024;-3322000000;1487000000;-14855000000;19846000000;-3504000000;-436000000;-766000000;2896000000;NULL;NULL
HD;2024;-3226000000;1000000000;-15443000000;21172000000;-4729000000;2088000000;134000000;3247000000;NULL;NULL
WMT;2024;-20606000000;1025000000;-13414000000;35726000000;-21287000000;1943000000;-797000000;11853000000;-20356000000;-20606000000
CSCO;2024;-670000000;-2754000000;6844000000;10880000000;-20478000000;-4298000000;-213000000;2507000000;-670000000;-670000000
NKE;2024;-812000000;2435000000;-5888000000;7429000000;894000000;716000000;-329000000;844000000;-812000000;-812000000
CRM;2024;-736000000;1430000000;-7477000000;10234000000;-1327000000;-2850000000;-659000000;3959000000;NULL;NULL
ORCL;2024;-6866000000;759000000;-10554000000;18673000000;-7360000000;-488000000;-965000000;6139000000;NULL;NULL
MDT;2024;-1587000000;-29000000;-4450000000;6787000000;-2366000000;-484000000;-391000000;2647000000;-1587000000;-1587000000
LOW;2024;-1964000000;-427000000;-6666000000;8140000000;-1901000000;-2228000000;NULL;1923000000;53000000;NULL
INTU;2024;-250000000;4260000000;-397000000;4884000000;-227000000;-429000000;-100000000;789000000;-191000000;-191000000
EL;2024;-919000000;-635000000;-2035000000;2360000000;-960000000;631000000;-285000000;825000000;NULL;NULL
ADP;2024;-563400000;1336900000;-1431700000;4157600000;-1389000000;-1417400000;-483700000;561900000;28300000;NULL
