date;dividend;ticker
7.11.2019 0:00;0,1925;AAPL
7.2.2020 0:00;0,1925;AAPL
8.5.2020 0:00;0,205;AAPL
7.8.2020 0:00;0,205;AAPL
6.11.2020 0:00;0,205;AAPL
5.2.2021 0:00;0,205;AAPL
7.5.2021 0:00;0,22;AAPL
6.8.2021 0:00;0,22;AAPL
5.11.2021 0:00;0,22;AAPL
4.2.2022 0:00;0,22;AAPL
6.5.2022 0:00;0,23;AAPL
5.8.2022 0:00;0,23;AAPL
4.11.2022 0:00;0,23;AAPL
10.2.2023 0:00;0,23;AAPL
12.5.2023 0:00;0,24;AAPL
11.8.2023 0:00;0,24;AAPL
10.11.2023 0:00;0,24;AAPL
9.2.2024 0:00;0,24;AAPL
10.5.2024 0:00;0,25;AAPL
12.8.2024 0:00;0,25;AAPL
20.11.2019 0:00;0,51;MSFT
19.2.2020 0:00;0,51;MSFT
20.5.2020 0:00;0,51;MSFT
19.8.2020 0:00;0,51;MSFT
18.11.2020 0:00;0,56;MSFT
17.2.2021 0:00;0,56;MSFT
19.5.2021 0:00;0,56;MSFT
18.8.2021 0:00;0,56;MSFT
17.11.2021 0:00;0,62;MSFT
16.2.2022 0:00;0,62;MSFT
18.5.2022 0:00;0,62;MSFT
17.8.2022 0:00;0,62;MSFT
16.11.2022 0:00;0,68;MSFT
15.2.2023 0:00;0,68;MSFT
17.5.2023 0:00;0,68;MSFT
16.8.2023 0:00;0,68;MSFT
15.11.2023 0:00;0,75;MSFT
14.2.2024 0:00;0,75;MSFT
15.5.2024 0:00;0,75;MSFT
15.8.2024 0:00;0,75;MSFT
10.6.2024 0:00;0,2;GOOGL
9.9.2024 0:00;0,2;GOOGL
27.11.2019 0:00;0,004;NVDA
27.2.2020 0:00;0,004;NVDA
4.6.2020 0:00;0,004;NVDA
1.9.2020 0:00;0,004;NVDA
3.12.2020 0:00;0,004;NVDA
9.3.2021 0:00;0,004;NVDA
9.6.2021 0:00;0,004;NVDA
31.8.2021 0:00;0,004;NVDA
1.12.2021 0:00;0,004;NVDA
2.3.2022 0:00;0,004;NVDA
8.6.2022 0:00;0,004;NVDA
7.9.2022 0:00;0,004;NVDA
30.11.2022 0:00;0,004;NVDA
7.3.2023 0:00;0,004;NVDA
7.6.2023 0:00;0,004;NVDA
6.9.2023 0:00;0,004;NVDA
5.12.2023 0:00;0,004;NVDA
5.3.2024 0:00;0,004;NVDA
11.6.2024 0:00;0,01;NVDA
12.9.2024 0:00;0,01;NVDA
21.2.2024 0:00;0,5;META
14.6.2024 0:00;0,5;META
16.9.2024 0:00;0,5;META
6.12.2019 0:00;1,08;UNH
13.3.2020 0:00;1,08;UNH
19.6.2020 0:00;1,25;UNH
11.9.2020 0:00;1,25;UNH
4.12.2020 0:00;1,25;UNH
12.3.2021 0:00;1,25;UNH
18.6.2021 0:00;1,45;UNH
10.9.2021 0:00;1,45;UNH
3.12.2021 0:00;1,45;UNH
11.3.2022 0:00;1,45;UNH
16.6.2022 0:00;1,65;UNH
9.9.2022 0:00;1,65;UNH
2.12.2022 0:00;1,65;UNH
10.3.2023 0:00;1,65;UNH
15.6.2023 0:00;1,88;UNH
8.9.2023 0:00;1,88;UNH
1.12.2023 0:00;1,88;UNH
8.3.2024 0:00;1,88;UNH
17.6.2024 0:00;2,1;UNH
16.9.2024 0:00;2,1;UNH
25.11.2019 0:00;0,95;JNJ
24.2.2020 0:00;0,95;JNJ
22.5.2020 0:00;1,01;JNJ
24.8.2020 0:00;1,01;JNJ
23.11.2020 0:00;1,01;JNJ
22.2.2021 0:00;1,01;JNJ
24.5.2021 0:00;1,06;JNJ
23.8.2021 0:00;1,06;JNJ
22.11.2021 0:00;1,06;JNJ
18.2.2022 0:00;1,06;JNJ
23.5.2022 0:00;1,13;JNJ
22.8.2022 0:00;1,13;JNJ
21.11.2022 0:00;1,13;JNJ
17.2.2023 0:00;1,13;JNJ
22.5.2023 0:00;1,19;JNJ
25.8.2023 0:00;1,19;JNJ
20.11.2023 0:00;1,19;JNJ
16.2.2024 0:00;1,19;JNJ
20.5.2024 0:00;1,24;JNJ
27.8.2024 0:00;1,24;JNJ
14.11.2019 0:00;0,3;V
13.2.2020 0:00;0,3;V
13.5.2020 0:00;0,3;V
13.8.2020 0:00;0,3;V
12.11.2020 0:00;0,32;V
11.2.2021 0:00;0,32;V
13.5.2021 0:00;0,32;V
12.8.2021 0:00;0,32;V
10.11.2021 0:00;0,375;V
10.2.2022 0:00;0,375;V
12.5.2022 0:00;0,375;V
11.8.2022 0:00;0,375;V
9.11.2022 0:00;0,45;V
9.2.2023 0:00;0,45;V
11.5.2023 0:00;0,45;V
10.8.2023 0:00;0,45;V
8.11.2023 0:00;0,52;V
8.2.2024 0:00;0,52;V
16.5.2024 0:00;0,52;V
9.8.2024 0:00;0,52;V
8.11.2019 0:00;0,87;XOM
10.2.2020 0:00;0,87;XOM
12.5.2020 0:00;0,87;XOM
12.8.2020 0:00;0,87;XOM
10.11.2020 0:00;0,87;XOM
9.2.2021 0:00;0,87;XOM
12.5.2021 0:00;0,87;XOM
12.8.2021 0:00;0,87;XOM
10.11.2021 0:00;0,88;XOM
9.2.2022 0:00;0,88;XOM
12.5.2022 0:00;0,88;XOM
11.8.2022 0:00;0,88;XOM
14.11.2022 0:00;0,91;XOM
13.2.2023 0:00;0,91;XOM
15.5.2023 0:00;0,91;XOM
15.8.2023 0:00;0,91;XOM
14.11.2023 0:00;0,95;XOM
13.2.2024 0:00;0,95;XOM
14.5.2024 0:00;0,95;XOM
15.8.2024 0:00;0,95;XOM
17.10.2019 0:00;0,746;PG
23.1.2020 0:00;0,746;PG
23.4.2020 0:00;0,791;PG
23.7.2020 0:00;0,791;PG
22.10.2020 0:00;0,791;PG
21.1.2021 0:00;0,791;PG
22.4.2021 0:00;0,87;PG
22.7.2021 0:00;0,87;PG
21.10.2021 0:00;0,87;PG
20.1.2022 0:00;0,87;PG
21.4.2022 0:00;0,913;PG
21.7.2022 0:00;0,913;PG
20.10.2022 0:00;0,913;PG
19.1.2023 0:00;0,913;PG
20.4.2023 0:00;0,941;PG
20.7.2023 0:00;0,941;PG
19.10.2023 0:00;0,941;PG
18.1.2024 0:00;0,941;PG
18.4.2024 0:00;1,007;PG
19.7.2024 0:00;1,007;PG
14.11.2019 0:00;0,645;LLY
13.2.2020 0:00;0,74;LLY
14.5.2020 0:00;0,74;LLY
13.8.2020 0:00;0,74;LLY
12.11.2020 0:00;0,74;LLY
11.2.2021 0:00;0,85;LLY
13.5.2021 0:00;0,85;LLY
12.8.2021 0:00;0,85;LLY
12.11.2021 0:00;0,85;LLY
14.2.2022 0:00;0,98;LLY
13.5.2022 0:00;0,98;LLY
12.8.2022 0:00;0,98;LLY
14.11.2022 0:00;0,98;LLY
14.2.2023 0:00;1,13;LLY
12.5.2023 0:00;1,13;LLY
14.8.2023 0:00;1,13;LLY
14.11.2023 0:00;1,13;LLY
14.2.2024 0:00;1,3;LLY
15.5.2024 0:00;1,3;LLY
15.8.2024 0:00;1,3;LLY
8.10.2019 0:00;0,33;MA
8.1.2020 0:00;0,4;MA
8.4.2020 0:00;0,4;MA
8.7.2020 0:00;0,4;MA
8.10.2020 0:00;0,4;MA
7.1.2021 0:00;0,44;MA
8.4.2021 0:00;0,44;MA
8.7.2021 0:00;0,44;MA
7.10.2021 0:00;0,44;MA
6.1.2022 0:00;0,49;MA
7.4.2022 0:00;0,49;MA
7.7.2022 0:00;0,49;MA
6.10.2022 0:00;0,49;MA
6.1.2023 0:00;0,57;MA
5.4.2023 0:00;0,57;MA
6.7.2023 0:00;0,57;MA
5.10.2023 0:00;0,57;MA
8.1.2024 0:00;0,66;MA
8.4.2024 0:00;0,66;MA
9.7.2024 0:00;0,66;MA
4.12.2019 0:00;1,36;HD
11.3.2020 0:00;1,5;HD
3.6.2020 0:00;1,5;HD
2.9.2020 0:00;1,5;HD
2.12.2020 0:00;1,5;HD
10.3.2021 0:00;1,65;HD
2.6.2021 0:00;1,65;HD
1.9.2021 0:00;1,65;HD
1.12.2021 0:00;1,65;HD
9.3.2022 0:00;1,9;HD
1.6.2022 0:00;1,9;HD
31.8.2022 0:00;1,9;HD
30.11.2022 0:00;1,9;HD
8.3.2023 0:00;2,09;HD
31.5.2023 0:00;2,09;HD
30.8.2023 0:00;2,09;HD
29.11.2023 0:00;2,09;HD
6.3.2024 0:00;2,25;HD
30.5.2024 0:00;2,25;HD
29.8.2024 0:00;2,25;HD
15.11.2019 0:00;1,19;CVX
14.2.2020 0:00;1,29;CVX
18.5.2020 0:00;1,29;CVX
18.8.2020 0:00;1,29;CVX
17.11.2020 0:00;1,29;CVX
16.2.2021 0:00;1,29;CVX
18.5.2021 0:00;1,34;CVX
18.8.2021 0:00;1,34;CVX
17.11.2021 0:00;1,34;CVX
15.2.2022 0:00;1,42;CVX
18.5.2022 0:00;1,42;CVX
18.8.2022 0:00;1,42;CVX
17.11.2022 0:00;1,42;CVX
15.2.2023 0:00;1,51;CVX
18.5.2023 0:00;1,51;CVX
17.8.2023 0:00;1,51;CVX
16.11.2023 0:00;1,51;CVX
15.2.2024 0:00;1,63;CVX
16.5.2024 0:00;1,63;CVX
19.8.2024 0:00;1,63;CVX
13.12.2019 0:00;0,582061;MRK
13.3.2020 0:00;0,582061;MRK
12.6.2020 0:00;0,582061;MRK
14.9.2020 0:00;0,582061;MRK
14.12.2020 0:00;0,620229;MRK
12.3.2021 0:00;0,620229;MRK
14.6.2021 0:00;0,65;MRK
14.9.2021 0:00;0,65;MRK
14.12.2021 0:00;0,69;MRK
14.3.2022 0:00;0,69;MRK
14.6.2022 0:00;0,69;MRK
14.9.2022 0:00;0,69;MRK
14.12.2022 0:00;0,73;MRK
14.3.2023 0:00;0,73;MRK
14.6.2023 0:00;0,73;MRK
14.9.2023 0:00;0,73;MRK
14.12.2023 0:00;0,77;MRK
14.3.2024 0:00;0,77;MRK
17.6.2024 0:00;0,77;MRK
16.9.2024 0:00;0,77;MRK
11.10.2019 0:00;1,07;ABBV
14.1.2020 0:00;1,18;ABBV
14.4.2020 0:00;1,18;ABBV
14.7.2020 0:00;1,18;ABBV
14.10.2020 0:00;1,18;ABBV
14.1.2021 0:00;1,3;ABBV
14.4.2021 0:00;1,3;ABBV
14.7.2021 0:00;1,3;ABBV
14.10.2021 0:00;1,3;ABBV
13.1.2022 0:00;1,41;ABBV
13.4.2022 0:00;1,41;ABBV
14.7.2022 0:00;1,41;ABBV
13.10.2022 0:00;1,41;ABBV
12.1.2023 0:00;1,48;ABBV
13.4.2023 0:00;1,48;ABBV
13.7.2023 0:00;1,48;ABBV
12.10.2023 0:00;1,48;ABBV
12.1.2024 0:00;1,55;ABBV
12.4.2024 0:00;1,55;ABBV
15.7.2024 0:00;1,55;ABBV
5.12.2019 0:00;0,955;PEP
5.3.2020 0:00;0,955;PEP
4.6.2020 0:00;1,023;PEP
3.9.2020 0:00;1,023;PEP
3.12.2020 0:00;1,023;PEP
4.3.2021 0:00;1,023;PEP
3.6.2021 0:00;1,075;PEP
2.9.2021 0:00;1,075;PEP
2.12.2021 0:00;1,075;PEP
3.3.2022 0:00;1,075;PEP
2.6.2022 0:00;1,15;PEP
1.9.2022 0:00;1,15;PEP
1.12.2022 0:00;1,15;PEP
2.3.2023 0:00;1,15;PEP
1.6.2023 0:00;1,265;PEP
31.8.2023 0:00;1,265;PEP
30.11.2023 0:00;1,265;PEP
29.2.2024 0:00;1,265;PEP
7.6.2024 0:00;1,355;PEP
6.9.2024 0:00;1,355;PEP
29.11.2019 0:00;0,4;KO
13.3.2020 0:00;0,41;KO
12.6.2020 0:00;0,41;KO
14.9.2020 0:00;0,41;KO
30.11.2020 0:00;0,41;KO
12.3.2021 0:00;0,42;KO
14.6.2021 0:00;0,42;KO
14.9.2021 0:00;0,42;KO
30.11.2021 0:00;0,42;KO
14.3.2022 0:00;0,44;KO
14.6.2022 0:00;0,44;KO
15.9.2022 0:00;0,44;KO
30.11.2022 0:00;0,44;KO
16.3.2023 0:00;0,46;KO
15.6.2023 0:00;0,46;KO
14.9.2023 0:00;0,46;KO
30.11.2023 0:00;0,46;KO
14.3.2024 0:00;0,485;KO
14.6.2024 0:00;0,485;KO
13.9.2024 0:00;0,485;KO
7.11.2019 0:00;0,341556;PFE
30.1.2020 0:00;0,360531;PFE
7.5.2020 0:00;0,360531;PFE
30.7.2020 0:00;0,360531;PFE
5.11.2020 0:00;0,360531;PFE
28.1.2021 0:00;0,39;PFE
6.5.2021 0:00;0,39;PFE
29.7.2021 0:00;0,39;PFE
4.11.2021 0:00;0,39;PFE
27.1.2022 0:00;0,4;PFE
12.5.2022 0:00;0,4;PFE
28.7.2022 0:00;0,4;PFE
3.11.2022 0:00;0,4;PFE
26.1.2023 0:00;0,41;PFE
11.5.2023 0:00;0,41;PFE
27.7.2023 0:00;0,41;PFE
9.11.2023 0:00;0,41;PFE
25.1.2024 0:00;0,42;PFE
9.5.2024 0:00;0,42;PFE
26.7.2024 0:00;0,42;PFE
20.12.2019 0:00;0,325;AVGO
20.3.2020 0:00;0,325;AVGO
19.6.2020 0:00;0,325;AVGO
21.9.2020 0:00;0,325;AVGO
18.12.2020 0:00;0,36;AVGO
19.3.2021 0:00;0,36;AVGO
21.6.2021 0:00;0,36;AVGO
21.9.2021 0:00;0,36;AVGO
21.12.2021 0:00;0,41;AVGO
21.3.2022 0:00;0,41;AVGO
21.6.2022 0:00;0,41;AVGO
21.9.2022 0:00;0,41;AVGO
19.12.2022 0:00;0,46;AVGO
21.3.2023 0:00;0,46;AVGO
21.6.2023 0:00;0,46;AVGO
20.9.2023 0:00;0,46;AVGO
19.12.2023 0:00;0,525;AVGO
20.3.2024 0:00;0,525;AVGO
24.6.2024 0:00;0,525;AVGO
19.9.2024 0:00;0,53;AVGO
31.10.2019 0:00;0,65;COST
6.2.2020 0:00;0,65;COST
30.4.2020 0:00;0,7;COST
30.7.2020 0:00;0,7;COST
29.10.2020 0:00;0,7;COST
1.12.2020 0:00;10;COST
4.2.2021 0:00;0,7;COST
29.4.2021 0:00;0,79;COST
29.7.2021 0:00;0,79;COST
28.10.2021 0:00;0,79;COST
3.2.2022 0:00;0,79;COST
28.4.2022 0:00;0,9;COST
28.7.2022 0:00;0,9;COST
27.10.2022 0:00;0,9;COST
2.2.2023 0:00;0,9;COST
4.5.2023 0:00;1,02;COST
24.8.2023 0:00;1,02;COST
2.11.2023 0:00;1,02;COST
27.12.2023 0:00;15;COST
1.2.2024 0:00;1,02;COST
25.4.2024 0:00;1,16;COST
26.7.2024 0:00;1,16;COST
16.12.2019 0:00;0,19;TMO
13.3.2020 0:00;0,22;TMO
12.6.2020 0:00;0,22;TMO
14.9.2020 0:00;0,22;TMO
14.12.2020 0:00;0,22;TMO
15.3.2021 0:00;0,26;TMO
14.6.2021 0:00;0,26;TMO
14.9.2021 0:00;0,26;TMO
14.12.2021 0:00;0,26;TMO
15.3.2022 0:00;0,3;TMO
14.6.2022 0:00;0,3;TMO
14.9.2022 0:00;0,3;TMO
14.12.2022 0:00;0,3;TMO
14.3.2023 0:00;0,35;TMO
14.6.2023 0:00;0,35;TMO
14.9.2023 0:00;0,35;TMO
14.12.2023 0:00;0,35;TMO
14.3.2024 0:00;0,39;TMO
14.6.2024 0:00;0,39;TMO
13.9.2024 0:00;0,39;TMO
29.11.2019 0:00;1,25;MCD
28.2.2020 0:00;1,25;MCD
29.5.2020 0:00;1,25;MCD
31.8.2020 0:00;1,25;MCD
30.11.2020 0:00;1,29;MCD
26.2.2021 0:00;1,29;MCD
28.5.2021 0:00;1,29;MCD
31.8.2021 0:00;1,29;MCD
30.11.2021 0:00;1,38;MCD
28.2.2022 0:00;1,38;MCD
3.6.2022 0:00;1,38;MCD
31.8.2022 0:00;1,38;MCD
30.11.2022 0:00;1,52;MCD
28.2.2023 0:00;1,52;MCD
2.6.2023 0:00;1,52;MCD
31.8.2023 0:00;1,52;MCD
30.11.2023 0:00;1,67;MCD
29.2.2024 0:00;1,67;MCD
3.6.2024 0:00;1,67;MCD
3.9.2024 0:00;1,67;MCD
5.12.2019 0:00;0,176667;WMT
19.3.2020 0:00;0,18;WMT
7.5.2020 0:00;0,18;WMT
13.8.2020 0:00;0,18;WMT
10.12.2020 0:00;0,18;WMT
18.3.2021 0:00;0,183333;WMT
6.5.2021 0:00;0,183333;WMT
12.8.2021 0:00;0,183333;WMT
9.12.2021 0:00;0,183333;WMT
17.3.2022 0:00;0,186667;WMT
5.5.2022 0:00;0,186667;WMT
11.8.2022 0:00;0,186667;WMT
8.12.2022 0:00;0,186667;WMT
16.3.2023 0:00;0,19;WMT
4.5.2023 0:00;0,19;WMT
10.8.2023 0:00;0,19;WMT
7.12.2023 0:00;0,19;WMT
14.3.2024 0:00;0,208;WMT
9.5.2024 0:00;0,208;WMT
16.8.2024 0:00;0,208;WMT
3.10.2019 0:00;0,35;CSCO
2.1.2020 0:00;0,35;CSCO
2.4.2020 0:00;0,36;CSCO
2.7.2020 0:00;0,36;CSCO
1.10.2020 0:00;0,36;CSCO
4.1.2021 0:00;0,36;CSCO
5.4.2021 0:00;0,37;CSCO
2.7.2021 0:00;0,37;CSCO
4.10.2021 0:00;0,37;CSCO
4.1.2022 0:00;0,37;CSCO
5.4.2022 0:00;0,38;CSCO
5.7.2022 0:00;0,38;CSCO
4.10.2022 0:00;0,38;CSCO
4.1.2023 0:00;0,38;CSCO
4.4.2023 0:00;0,39;CSCO
5.7.2023 0:00;0,39;CSCO
3.10.2023 0:00;0,39;CSCO
3.1.2024 0:00;0,39;CSCO
3.4.2024 0:00;0,4;CSCO
5.7.2024 0:00;0,4;CSCO
16.10.2019 0:00;0,8;ACN
15.1.2020 0:00;0,8;ACN
15.4.2020 0:00;0,8;ACN
15.7.2020 0:00;0,8;ACN
9.10.2020 0:00;0,88;ACN
13.1.2021 0:00;0,88;ACN
14.4.2021 0:00;0,88;ACN
14.7.2021 0:00;0,88;ACN
13.10.2021 0:00;0,97;ACN
12.1.2022 0:00;0,97;ACN
13.4.2022 0:00;0,97;ACN
13.7.2022 0:00;0,97;ACN
12.10.2022 0:00;1,12;ACN
11.1.2023 0:00;1,12;ACN
12.4.2023 0:00;1,12;ACN
12.7.2023 0:00;1,12;ACN
11.10.2023 0:00;1,29;ACN
17.1.2024 0:00;1,29;ACN
10.4.2024 0:00;1,29;ACN
11.7.2024 0:00;1,29;ACN
11.10.2019 0:00;0,32;ABT
14.1.2020 0:00;0,36;ABT
14.4.2020 0:00;0,36;ABT
14.7.2020 0:00;0,36;ABT
14.10.2020 0:00;0,36;ABT
14.1.2021 0:00;0,45;ABT
14.4.2021 0:00;0,45;ABT
14.7.2021 0:00;0,45;ABT
14.10.2021 0:00;0,45;ABT
13.1.2022 0:00;0,47;ABT
13.4.2022 0:00;0,47;ABT
14.7.2022 0:00;0,47;ABT
13.10.2022 0:00;0,47;ABT
12.1.2023 0:00;0,51;ABT
13.4.2023 0:00;0,51;ABT
13.7.2023 0:00;0,51;ABT
12.10.2023 0:00;0,51;ABT
11.1.2024 0:00;0,55;ABT
12.4.2024 0:00;0,55;ABT
15.7.2024 0:00;0,55;ABT
26.12.2019 0:00;0,150709;DHR
26.3.2020 0:00;0,159574;DHR
25.6.2020 0:00;0,159574;DHR
25.9.2020 0:00;0,159574;DHR
24.12.2020 0:00;0,159574;DHR
25.3.2021 0:00;0,18617;DHR
24.6.2021 0:00;0,18617;DHR
29.9.2021 0:00;0,18617;DHR
29.12.2021 0:00;0,18617;DHR
24.3.2022 0:00;0,221631;DHR
23.6.2022 0:00;0,221631;DHR
29.9.2022 0:00;0,221631;DHR
29.12.2022 0:00;0,221631;DHR
30.3.2023 0:00;0,239362;DHR
29.6.2023 0:00;0,239362;DHR
11.10.2023 0:00;0,27;DHR
28.12.2023 0:00;0,24;DHR
27.3.2024 0:00;0,27;DHR
28.6.2024 0:00;0,27;DHR
27.9.2024 0:00;0,27;DHR
2.12.2019 0:00;0,875;LIN
5.3.2020 0:00;0,963;LIN
2.6.2020 0:00;0,963;LIN
2.9.2020 0:00;0,963;LIN
2.12.2020 0:00;0,963;LIN
4.3.2021 0:00;1,06;LIN
2.6.2021 0:00;1,06;LIN
2.9.2021 0:00;1,06;LIN
2.12.2021 0:00;1,06;LIN
10.3.2022 0:00;1,17;LIN
2.6.2022 0:00;1,17;LIN
1.9.2022 0:00;1,17;LIN
1.12.2022 0:00;1,17;LIN
13.3.2023 0:00;1,275;LIN
1.6.2023 0:00;1,275;LIN
1.9.2023 0:00;1,275;LIN
1.12.2023 0:00;1,275;LIN
13.3.2024 0:00;1,39;LIN
4.6.2024 0:00;1,39;LIN
4.9.2024 0:00;1,39;LIN
9.10.2019 0:00;0,615;VZ
9.1.2020 0:00;0,615;VZ
9.4.2020 0:00;0,615;VZ
9.7.2020 0:00;0,615;VZ
8.10.2020 0:00;0,628;VZ
7.1.2021 0:00;0,628;VZ
8.4.2021 0:00;0,628;VZ
8.7.2021 0:00;0,628;VZ
7.10.2021 0:00;0,64;VZ
7.1.2022 0:00;0,64;VZ
7.4.2022 0:00;0,64;VZ
7.7.2022 0:00;0,64;VZ
6.10.2022 0:00;0,653;VZ
9.1.2023 0:00;0,653;VZ
6.4.2023 0:00;0,653;VZ
7.7.2023 0:00;0,653;VZ
6.10.2023 0:00;0,665;VZ
9.1.2024 0:00;0,665;VZ
9.4.2024 0:00;0,665;VZ
10.7.2024 0:00;0,665;VZ
29.11.2019 0:00;0,245;NKE
28.2.2020 0:00;0,245;NKE
29.5.2020 0:00;0,245;NKE
28.8.2020 0:00;0,245;NKE
4.12.2020 0:00;0,275;NKE
26.2.2021 0:00;0,275;NKE
28.5.2021 0:00;0,275;NKE
27.8.2021 0:00;0,275;NKE
3.12.2021 0:00;0,305;NKE
4.3.2022 0:00;0,305;NKE
3.6.2022 0:00;0,305;NKE
2.9.2022 0:00;0,305;NKE
2.12.2022 0:00;0,34;NKE
3.3.2023 0:00;0,34;NKE
2.6.2023 0:00;0,34;NKE
1.9.2023 0:00;0,34;NKE
1.12.2023 0:00;0,37;NKE
1.3.2024 0:00;0,37;NKE
3.6.2024 0:00;0,37;NKE
3.9.2024 0:00;0,37;NKE
30.10.2019 0:00;0,9;TXN
30.1.2020 0:00;0,9;TXN
1.5.2020 0:00;0,9;TXN
30.7.2020 0:00;0,9;TXN
29.10.2020 0:00;1,02;TXN
29.1.2021 0:00;1,02;TXN
30.4.2021 0:00;1,02;TXN
23.7.2021 0:00;1,02;TXN
29.10.2021 0:00;1,15;TXN
28.1.2022 0:00;1,15;TXN
6.5.2022 0:00;1,15;TXN
29.7.2022 0:00;1,15;TXN
28.10.2022 0:00;1,24;TXN
30.1.2023 0:00;1,24;TXN
5.5.2023 0:00;1,24;TXN
28.7.2023 0:00;1,24;TXN
30.10.2023 0:00;1,3;TXN
30.1.2024 0:00;1,3;TXN
7.5.2024 0:00;1,3;TXN
31.7.2024 0:00;1,3;TXN
13.3.2024 0:00;0,4;CRM
9.7.2024 0:00;0,4;CRM
18.9.2024 0:00;0,4;CRM
27.11.2019 0:00;0,3125;NEE
27.2.2020 0:00;0,35;NEE
1.6.2020 0:00;0,35;NEE
27.8.2020 0:00;0,35;NEE
25.11.2020 0:00;0,35;NEE
25.2.2021 0:00;0,385;NEE
1.6.2021 0:00;0,385;NEE
26.8.2021 0:00;0,385;NEE
24.11.2021 0:00;0,385;NEE
28.2.2022 0:00;0,425;NEE
27.5.2022 0:00;0,425;NEE
29.8.2022 0:00;0,425;NEE
23.11.2022 0:00;0,425;NEE
27.2.2023 0:00;0,468;NEE
26.5.2023 0:00;0,468;NEE
29.8.2023 0:00;0,468;NEE
22.11.2023 0:00;0,468;NEE
26.2.2024 0:00;0,515;NEE
3.6.2024 0:00;0,515;NEE
30.8.2024 0:00;0,515;NEE
18.12.2019 0:00;1,17;PM
20.3.2020 0:00;1,17;PM
19.6.2020 0:00;1,17;PM
23.9.2020 0:00;1,2;PM
22.12.2020 0:00;1,2;PM
19.3.2021 0:00;1,2;PM
24.6.2021 0:00;1,2;PM
28.9.2021 0:00;1,25;PM
22.12.2021 0:00;1,25;PM
23.3.2022 0:00;1,25;PM
30.6.2022 0:00;1,25;PM
27.9.2022 0:00;1,27;PM
21.12.2022 0:00;1,27;PM
22.3.2023 0:00;1,27;PM
22.6.2023 0:00;1,27;PM
26.9.2023 0:00;1,3;PM
20.12.2023 0:00;1,3;PM
20.3.2024 0:00;1,3;PM
21.6.2024 0:00;1,3;PM
26.9.2024 0:00;1,35;PM
3.10.2019 0:00;0,41;BMY
2.1.2020 0:00;0,45;BMY
2.4.2020 0:00;0,45;BMY
2.7.2020 0:00;0,45;BMY
1.10.2020 0:00;0,45;BMY
31.12.2020 0:00;0,49;BMY
31.3.2021 0:00;0,49;BMY
1.7.2021 0:00;0,49;BMY
30.9.2021 0:00;0,49;BMY
6.1.2022 0:00;0,54;BMY
31.3.2022 0:00;0,54;BMY
30.6.2022 0:00;0,54;BMY
6.10.2022 0:00;0,54;BMY
5.1.2023 0:00;0,57;BMY
6.4.2023 0:00;0,57;BMY
6.7.2023 0:00;0,57;BMY
5.10.2023 0:00;0,57;BMY
4.1.2024 0:00;0,6;BMY
4.4.2024 0:00;0,6;BMY
5.7.2024 0:00;0,6;BMY
16.10.2019 0:00;0,42;COP
13.2.2020 0:00;0,42;COP
8.5.2020 0:00;0,42;COP
17.7.2020 0:00;0,42;COP
16.10.2020 0:00;0,43;COP
11.2.2021 0:00;0,43;COP
13.5.2021 0:00;0,43;COP
23.7.2021 0:00;0,43;COP
27.10.2021 0:00;0,46;COP
31.12.2021 0:00;0,2;COP
11.2.2022 0:00;0,46;COP
30.3.2022 0:00;0,3;COP
16.5.2022 0:00;0,46;COP
27.6.2022 0:00;0,7;COP
15.8.2022 0:00;0,46;COP
28.9.2022 0:00;1,4;COP
14.11.2022 0:00;0,51;COP
23.12.2022 0:00;0,7;COP
13.2.2023 0:00;0,51;COP
28.3.2023 0:00;0,6;COP
15.5.2023 0:00;0,51;COP
26.6.2023 0:00;0,6;COP
15.8.2023 0:00;0,51;COP
27.9.2023 0:00;0,6;COP
13.11.2023 0:00;0,58;COP
15.2.2024 0:00;0,78;COP
10.5.2024 0:00;0,78;COP
12.8.2024 0:00;0,78;COP
4.12.2019 0:00;0,62;QCOM
4.3.2020 0:00;0,62;QCOM
3.6.2020 0:00;0,65;QCOM
2.9.2020 0:00;0,65;QCOM
2.12.2020 0:00;0,65;QCOM
3.3.2021 0:00;0,65;QCOM
2.6.2021 0:00;0,68;QCOM
1.9.2021 0:00;0,68;QCOM
1.12.2021 0:00;0,68;QCOM
2.3.2022 0:00;0,68;QCOM
1.6.2022 0:00;0,75;QCOM
31.8.2022 0:00;0,75;QCOM
30.11.2022 0:00;0,75;QCOM
1.3.2023 0:00;0,75;QCOM
31.5.2023 0:00;0,8;QCOM
30.8.2023 0:00;0,8;QCOM
29.11.2023 0:00;0,8;QCOM
28.2.2024 0:00;0,8;QCOM
30.5.2024 0:00;0,85;QCOM
5.9.2024 0:00;0,85;QCOM
14.11.2019 0:00;0,9;HON
27.2.2020 0:00;0,9;HON
14.5.2020 0:00;0,9;HON
13.8.2020 0:00;0,9;HON
12.11.2020 0:00;0,93;HON
25.2.2021 0:00;0,93;HON
13.5.2021 0:00;0,93;HON
12.8.2021 0:00;0,93;HON
10.11.2021 0:00;0,98;HON
24.2.2022 0:00;0,98;HON
12.5.2022 0:00;0,98;HON
11.8.2022 0:00;0,98;HON
9.11.2022 0:00;1,03;HON
23.2.2023 0:00;1,03;HON
11.5.2023 0:00;1,03;HON
10.8.2023 0:00;1,03;HON
9.11.2023 0:00;1,08;HON
29.2.2024 0:00;1,08;HON
16.5.2024 0:00;1,08;HON
16.8.2024 0:00;1,08;HON
30.10.2019 0:00;0,35;MS
30.1.2020 0:00;0,35;MS
29.4.2020 0:00;0,35;MS
30.7.2020 0:00;0,35;MS
29.10.2020 0:00;0,35;MS
28.1.2021 0:00;0,35;MS
29.4.2021 0:00;0,35;MS
29.7.2021 0:00;0,7;MS
28.10.2021 0:00;0,7;MS
28.1.2022 0:00;0,7;MS
28.4.2022 0:00;0,7;MS
28.7.2022 0:00;0,775;MS
28.10.2022 0:00;0,775;MS
30.1.2023 0:00;0,775;MS
28.4.2023 0:00;0,775;MS
28.7.2023 0:00;0,85;MS
30.10.2023 0:00;0,85;MS
30.1.2024 0:00;0,85;MS
29.4.2024 0:00;0,85;MS
31.7.2024 0:00;0,925;MS
9.10.2019 0:00;0,24;ORCL
8.1.2020 0:00;0,24;ORCL
8.4.2020 0:00;0,24;ORCL
14.7.2020 0:00;0,24;ORCL
7.10.2020 0:00;0,24;ORCL
6.1.2021 0:00;0,24;ORCL
7.4.2021 0:00;0,32;ORCL
14.7.2021 0:00;0,32;ORCL
8.10.2021 0:00;0,32;ORCL
6.1.2022 0:00;0,32;ORCL
7.4.2022 0:00;0,32;ORCL
11.7.2022 0:00;0,32;ORCL
11.10.2022 0:00;0,32;ORCL
9.1.2023 0:00;0,32;ORCL
10.4.2023 0:00;0,4;ORCL
11.7.2023 0:00;0,4;ORCL
11.10.2023 0:00;0,4;ORCL
10.1.2024 0:00;0,4;ORCL
9.4.2024 0:00;0,4;ORCL
11.7.2024 0:00;0,4;ORCL
14.11.2019 0:00;0,462555;RTX
13.2.2020 0:00;0,462555;RTX
14.5.2020 0:00;0,475;RTX
13.8.2020 0:00;0,475;RTX
12.11.2020 0:00;0,475;RTX
25.2.2021 0:00;0,475;RTX
20.5.2021 0:00;0,51;RTX
19.8.2021 0:00;0,51;RTX
18.11.2021 0:00;0,51;RTX
24.2.2022 0:00;0,51;RTX
19.5.2022 0:00;0,55;RTX
18.8.2022 0:00;0,55;RTX
17.11.2022 0:00;0,55;RTX
23.2.2023 0:00;0,55;RTX
18.5.2023 0:00;0,59;RTX
17.8.2023 0:00;0,59;RTX
16.11.2023 0:00;0,59;RTX
22.2.2024 0:00;0,59;RTX
16.5.2024 0:00;0,63;RTX
16.8.2024 0:00;0,63;RTX
6.11.2019 0:00;0,315;INTC
6.2.2020 0:00;0,33;INTC
6.5.2020 0:00;0,33;INTC
6.8.2020 0:00;0,33;INTC
5.11.2020 0:00;0,33;INTC
4.2.2021 0:00;0,348;INTC
6.5.2021 0:00;0,348;INTC
5.8.2021 0:00;0,348;INTC
4.11.2021 0:00;0,348;INTC
4.2.2022 0:00;0,365;INTC
5.5.2022 0:00;0,365;INTC
4.8.2022 0:00;0,365;INTC
4.11.2022 0:00;0,365;INTC
6.2.2023 0:00;0,365;INTC
4.5.2023 0:00;0,125;INTC
4.8.2023 0:00;0,125;INTC
6.11.2023 0:00;0,125;INTC
6.2.2024 0:00;0,125;INTC
6.5.2024 0:00;0,125;INTC
7.8.2024 0:00;0,125;INTC
14.11.2019 0:00;1,45;AMGN
13.2.2020 0:00;1,6;AMGN
15.5.2020 0:00;1,6;AMGN
14.8.2020 0:00;1,6;AMGN
13.11.2020 0:00;1,6;AMGN
11.2.2021 0:00;1,76;AMGN
14.5.2021 0:00;1,76;AMGN
16.8.2021 0:00;1,76;AMGN
15.11.2021 0:00;1,76;AMGN
14.2.2022 0:00;1,94;AMGN
16.5.2022 0:00;1,94;AMGN
17.8.2022 0:00;1,94;AMGN
16.11.2022 0:00;1,94;AMGN
14.2.2023 0:00;2,13;AMGN
17.5.2023 0:00;2,13;AMGN
17.8.2023 0:00;2,13;AMGN
16.11.2023 0:00;2,13;AMGN
15.2.2024 0:00;2,25;AMGN
16.5.2024 0:00;2,25;AMGN
16.8.2024 0:00;2,25;AMGN
25.11.2019 0:00;0,57;SPGI
25.2.2020 0:00;0,67;SPGI
26.5.2020 0:00;0,67;SPGI
25.8.2020 0:00;0,67;SPGI
24.11.2020 0:00;0,67;SPGI
23.2.2021 0:00;0,77;SPGI
25.5.2021 0:00;0,77;SPGI
25.8.2021 0:00;0,77;SPGI
24.11.2021 0:00;0,77;SPGI
9.2.2022 0:00;0,77;SPGI
26.5.2022 0:00;0,85;SPGI
25.8.2022 0:00;0,85;SPGI
25.11.2022 0:00;0,85;SPGI
23.2.2023 0:00;0,9;SPGI
25.5.2023 0:00;0,9;SPGI
25.8.2023 0:00;0,9;SPGI
27.11.2023 0:00;0,9;SPGI
26.2.2024 0:00;0,91;SPGI
29.5.2024 0:00;0,91;SPGI
27.8.2024 0:00;0,91;SPGI
7.11.2019 0:00;1,548757;IBM
7.2.2020 0:00;1,548757;IBM
7.5.2020 0:00;1,558317;IBM
7.8.2020 0:00;1,558317;IBM
9.11.2020 0:00;1,558317;IBM
9.2.2021 0:00;1,558317;IBM
7.5.2021 0:00;1,567878;IBM
9.8.2021 0:00;1,567878;IBM
9.11.2021 0:00;1,64;IBM
10.2.2022 0:00;1,64;IBM
9.5.2022 0:00;1,65;IBM
9.8.2022 0:00;1,65;IBM
9.11.2022 0:00;1,65;IBM
9.2.2023 0:00;1,65;IBM
9.5.2023 0:00;1,66;IBM
9.8.2023 0:00;1,66;IBM
9.11.2023 0:00;1,66;IBM
8.2.2024 0:00;1,66;IBM
9.5.2024 0:00;1,67;IBM
9.8.2024 0:00;1,67;IBM
29.11.2019 0:00;1,25;GS
28.2.2020 0:00;1,25;GS
29.5.2020 0:00;1,25;GS
31.8.2020 0:00;1,25;GS
1.12.2020 0:00;1,25;GS
1.3.2021 0:00;1,25;GS
28.5.2021 0:00;1,25;GS
31.8.2021 0:00;2;GS
1.12.2021 0:00;2;GS
1.3.2022 0:00;2;GS
31.5.2022 0:00;2;GS
31.8.2022 0:00;2,5;GS
30.11.2022 0:00;2,5;GS
1.3.2023 0:00;2,5;GS
31.5.2023 0:00;2,5;GS
30.8.2023 0:00;2,75;GS
29.11.2023 0:00;2,75;GS
28.2.2024 0:00;2,75;GS
30.5.2024 0:00;2,75;GS
30.8.2024 0:00;3;GS
18.10.2019 0:00;1,03;CAT
17.1.2020 0:00;1,03;CAT
17.4.2020 0:00;1,03;CAT
17.7.2020 0:00;1,03;CAT
23.10.2020 0:00;1,03;CAT
19.1.2021 0:00;1,03;CAT
23.4.2021 0:00;1,03;CAT
19.7.2021 0:00;1,11;CAT
22.10.2021 0:00;1,11;CAT
19.1.2022 0:00;1,11;CAT
22.4.2022 0:00;1,11;CAT
19.7.2022 0:00;1,2;CAT
21.10.2022 0:00;1,2;CAT
19.1.2023 0:00;1,2;CAT
21.4.2023 0:00;1,2;CAT
19.7.2023 0:00;1,3;CAT
20.10.2023 0:00;1,3;CAT
19.1.2024 0:00;1,3;CAT
19.4.2024 0:00;1,3;CAT
22.7.2024 0:00;1,41;CAT
5.12.2019 0:00;3,3;BLK
4.3.2020 0:00;3,63;BLK
4.6.2020 0:00;3,63;BLK
3.9.2020 0:00;3,63;BLK
3.12.2020 0:00;3,63;BLK
4.3.2021 0:00;4,13;BLK
3.6.2021 0:00;4,13;BLK
3.9.2021 0:00;4,13;BLK
6.12.2021 0:00;4,13;BLK
4.3.2022 0:00;4,88;BLK
3.6.2022 0:00;4,88;BLK
6.9.2022 0:00;4,88;BLK
6.12.2022 0:00;4,88;BLK
6.3.2023 0:00;5;BLK
7.6.2023 0:00;5;BLK
7.9.2023 0:00;5;BLK
6.12.2023 0:00;5;BLK
6.3.2024 0:00;5,1;BLK
7.6.2024 0:00;5,1;BLK
9.9.2024 0:00;5,1;BLK
15.11.2019 0:00;0,96;UPS
24.2.2020 0:00;1,01;UPS
22.5.2020 0:00;1,01;UPS
21.8.2020 0:00;1,01;UPS
12.11.2020 0:00;1,01;UPS
19.2.2021 0:00;1,02;UPS
21.5.2021 0:00;1,02;UPS
20.8.2021 0:00;1,02;UPS
19.11.2021 0:00;1,02;UPS
18.2.2022 0:00;1,52;UPS
13.5.2022 0:00;1,52;UPS
12.8.2022 0:00;1,52;UPS
10.11.2022 0:00;1,52;UPS
17.2.2023 0:00;1,62;UPS
12.5.2023 0:00;1,62;UPS
11.8.2023 0:00;1,62;UPS
10.11.2023 0:00;1,62;UPS
16.2.2024 0:00;1,63;UPS
10.5.2024 0:00;1,63;UPS
19.8.2024 0:00;1,63;UPS
26.12.2019 0:00;0,54;MDT
26.3.2020 0:00;0,54;MDT
25.6.2020 0:00;0,58;MDT
24.9.2020 0:00;0,58;MDT
21.12.2020 0:00;0,58;MDT
25.3.2021 0:00;0,58;MDT
24.6.2021 0:00;0,63;MDT
23.9.2021 0:00;0,63;MDT
21.12.2021 0:00;0,63;MDT
24.3.2022 0:00;0,63;MDT
23.6.2022 0:00;0,68;MDT
22.9.2022 0:00;0,68;MDT
20.12.2022 0:00;0,68;MDT
23.3.2023 0:00;0,68;MDT
22.6.2023 0:00;0,69;MDT
21.9.2023 0:00;0,69;MDT
19.12.2023 0:00;0,69;MDT
21.3.2024 0:00;0,69;MDT
28.6.2024 0:00;0,7;MDT
27.9.2024 0:00;0,7;MDT
7.11.2019 0:00;0,17;SCHW
13.2.2020 0:00;0,18;SCHW
7.5.2020 0:00;0,18;SCHW
6.8.2020 0:00;0,18;SCHW
12.11.2020 0:00;0,18;SCHW
11.2.2021 0:00;0,18;SCHW
13.5.2021 0:00;0,18;SCHW
12.8.2021 0:00;0,18;SCHW
10.11.2021 0:00;0,18;SCHW
10.2.2022 0:00;0,2;SCHW
12.5.2022 0:00;0,2;SCHW
11.8.2022 0:00;0,22;SCHW
9.11.2022 0:00;0,22;SCHW
9.2.2023 0:00;0,25;SCHW
11.5.2023 0:00;0,25;SCHW
10.8.2023 0:00;0,25;SCHW
9.11.2023 0:00;0,25;SCHW
8.2.2024 0:00;0,25;SCHW
9.5.2024 0:00;0,25;SCHW
9.8.2024 0:00;0,25;SCHW
27.11.2019 0:00;0,97;UNP
27.2.2020 0:00;0,97;UNP
28.5.2020 0:00;0,97;UNP
28.8.2020 0:00;0,97;UNP
27.11.2020 0:00;0,97;UNP
25.2.2021 0:00;0,97;UNP
27.5.2021 0:00;1,07;UNP
30.8.2021 0:00;1,07;UNP
17.12.2021 0:00;1,18;UNP
25.2.2022 0:00;1,18;UNP
27.5.2022 0:00;1,3;UNP
30.8.2022 0:00;1,3;UNP
16.12.2022 0:00;1,3;UNP
27.2.2023 0:00;1,3;UNP
30.5.2023 0:00;1,3;UNP
30.8.2023 0:00;1,3;UNP
7.12.2023 0:00;1,3;UNP
28.2.2024 0:00;1,3;UNP
31.5.2024 0:00;1,3;UNP
30.8.2024 0:00;1,34;UNP
30.12.2019 0:00;0,76;DE
30.3.2020 0:00;0,76;DE
29.6.2020 0:00;0,76;DE
29.9.2020 0:00;0,76;DE
30.12.2020 0:00;0,76;DE
30.3.2021 0:00;0,9;DE
29.6.2021 0:00;0,9;DE
29.9.2021 0:00;1,05;DE
30.12.2021 0:00;1,05;DE
30.3.2022 0:00;1,05;DE
29.6.2022 0:00;1,13;DE
29.9.2022 0:00;1,13;DE
29.12.2022 0:00;1,2;DE
30.3.2023 0:00;1,25;DE
29.6.2023 0:00;1,25;DE
28.9.2023 0:00;1,35;DE
28.12.2023 0:00;1,47;DE
27.3.2024 0:00;1,47;DE
28.6.2024 0:00;1,47;DE
30.9.2024 0:00;1,47;DE
22.10.2019 0:00;0,55;LOW
21.1.2020 0:00;0,55;LOW
21.4.2020 0:00;0,55;LOW
21.7.2020 0:00;0,55;LOW
20.10.2020 0:00;0,6;LOW
19.1.2021 0:00;0,6;LOW
20.4.2021 0:00;0,6;LOW
20.7.2021 0:00;0,8;LOW
19.10.2021 0:00;0,8;LOW
18.1.2022 0:00;0,8;LOW
19.4.2022 0:00;0,8;LOW
19.7.2022 0:00;1,05;LOW
18.10.2022 0:00;1,05;LOW
24.1.2023 0:00;1,05;LOW
25.4.2023 0:00;1,05;LOW
25.7.2023 0:00;1,1;LOW
24.10.2023 0:00;1,1;LOW
23.1.2024 0:00;1,1;LOW
23.4.2024 0:00;1,1;LOW
24.7.2024 0:00;1,15;LOW
12.12.2019 0:00;0,63;GILD
12.3.2020 0:00;0,68;GILD
11.6.2020 0:00;0,68;GILD
14.9.2020 0:00;0,68;GILD
14.12.2020 0:00;0,68;GILD
12.3.2021 0:00;0,71;GILD
14.6.2021 0:00;0,71;GILD
14.9.2021 0:00;0,71;GILD
14.12.2021 0:00;0,71;GILD
14.3.2022 0:00;0,73;GILD
14.6.2022 0:00;0,73;GILD
14.9.2022 0:00;0,73;GILD
14.12.2022 0:00;0,73;GILD
14.3.2023 0:00;0,75;GILD
14.6.2023 0:00;0,75;GILD
14.9.2023 0:00;0,75;GILD
14.12.2023 0:00;0,75;GILD
14.3.2024 0:00;0,77;GILD
14.6.2024 0:00;0,77;GILD
13.9.2024 0:00;0,77;GILD
23.10.2019 0:00;0,5;CVS
22.1.2020 0:00;0,5;CVS
22.4.2020 0:00;0,5;CVS
22.7.2020 0:00;0,5;CVS
21.10.2020 0:00;0,5;CVS
21.1.2021 0:00;0,5;CVS
22.4.2021 0:00;0,5;CVS
22.7.2021 0:00;0,5;CVS
21.10.2021 0:00;0,5;CVS
20.1.2022 0:00;0,55;CVS
21.4.2022 0:00;0,55;CVS
21.7.2022 0:00;0,55;CVS
20.10.2022 0:00;0,55;CVS
19.1.2023 0:00;0,605;CVS
20.4.2023 0:00;0,605;CVS
20.7.2023 0:00;0,605;CVS
19.10.2023 0:00;0,605;CVS
19.1.2024 0:00;0,665;CVS
19.4.2024 0:00;0,665;CVS
22.7.2024 0:00;0,665;CVS
12.11.2019 0:00;0,41;SBUX
5.2.2020 0:00;0,41;SBUX
7.5.2020 0:00;0,41;SBUX
6.8.2020 0:00;0,41;SBUX
10.11.2020 0:00;0,45;SBUX
17.2.2021 0:00;0,45;SBUX
12.5.2021 0:00;0,45;SBUX
11.8.2021 0:00;0,45;SBUX
10.11.2021 0:00;0,49;SBUX
10.2.2022 0:00;0,49;SBUX
12.5.2022 0:00;0,49;SBUX
11.8.2022 0:00;0,49;SBUX
9.11.2022 0:00;0,53;SBUX
9.2.2023 0:00;0,53;SBUX
11.5.2023 0:00;0,53;SBUX
10.8.2023 0:00;0,53;SBUX
9.11.2023 0:00;0,57;SBUX
8.2.2024 0:00;0,57;SBUX
16.5.2024 0:00;0,57;SBUX
16.8.2024 0:00;0,57;SBUX
9.10.2019 0:00;0,53;INTU
9.1.2020 0:00;0,53;INTU
9.4.2020 0:00;0,53;INTU
9.7.2020 0:00;0,53;INTU
8.10.2020 0:00;0,59;INTU
8.1.2021 0:00;0,59;INTU
9.4.2021 0:00;0,59;INTU
9.7.2021 0:00;0,59;INTU
7.10.2021 0:00;0,68;INTU
7.1.2022 0:00;0,68;INTU
8.4.2022 0:00;0,68;INTU
8.7.2022 0:00;0,68;INTU
6.10.2022 0:00;0,78;INTU
9.1.2023 0:00;0,78;INTU
6.4.2023 0:00;0,78;INTU
7.7.2023 0:00;0,78;INTU
5.10.2023 0:00;0,9;INTU
9.1.2024 0:00;0,9;INTU
9.4.2024 0:00;0,9;INTU
10.7.2024 0:00;0,9;INTU
18.12.2019 0:00;0,53;PLD
13.3.2020 0:00;0,58;PLD
15.6.2020 0:00;0,58;PLD
16.9.2020 0:00;0,58;PLD
17.12.2020 0:00;0,58;PLD
18.3.2021 0:00;0,63;PLD
15.6.2021 0:00;0,63;PLD
16.9.2021 0:00;0,63;PLD
13.12.2021 0:00;0,63;PLD
17.3.2022 0:00;0,79;PLD
15.6.2022 0:00;0,79;PLD
14.9.2022 0:00;0,79;PLD
16.12.2022 0:00;0,79;PLD
16.3.2023 0:00;0,87;PLD
15.6.2023 0:00;0,87;PLD
15.9.2023 0:00;0,87;PLD
15.12.2023 0:00;0,87;PLD
15.3.2024 0:00;0,96;PLD
17.6.2024 0:00;0,96;PLD
16.9.2024 0:00;0,96;PLD
3.10.2019 0:00;0,43;AXP
2.1.2020 0:00;0,43;AXP
2.4.2020 0:00;0,43;AXP
1.7.2020 0:00;0,43;AXP
8.10.2020 0:00;0,43;AXP
7.1.2021 0:00;0,43;AXP
31.3.2021 0:00;0,43;AXP
1.7.2021 0:00;0,43;AXP
7.10.2021 0:00;0,43;AXP
6.1.2022 0:00;0,43;AXP
7.4.2022 0:00;0,52;AXP
30.6.2022 0:00;0,52;AXP
13.10.2022 0:00;0,52;AXP
5.1.2023 0:00;0,52;AXP
5.4.2023 0:00;0,6;AXP
6.7.2023 0:00;0,6;AXP
5.10.2023 0:00;0,6;AXP
4.1.2024 0:00;0,6;AXP
4.4.2024 0:00;0,7;AXP
5.7.2024 0:00;0,7;AXP
24.12.2019 0:00;0,84;MO
24.3.2020 0:00;0,84;MO
12.6.2020 0:00;0,84;MO
14.9.2020 0:00;0,86;MO
24.12.2020 0:00;0,86;MO
24.3.2021 0:00;0,86;MO
14.6.2021 0:00;0,86;MO
14.9.2021 0:00;0,9;MO
22.12.2021 0:00;0,9;MO
24.3.2022 0:00;0,9;MO
14.6.2022 0:00;0,9;MO
14.9.2022 0:00;0,94;MO
21.12.2022 0:00;0,94;MO
23.3.2023 0:00;0,94;MO
14.6.2023 0:00;0,94;MO
14.9.2023 0:00;0,98;MO
20.12.2023 0:00;0,98;MO
22.3.2024 0:00;0,98;MO
14.6.2024 0:00;0,98;MO
16.9.2024 0:00;1,02;MO
7.3.2024 0:00;8,75;BKNG
7.6.2024 0:00;8,75;BKNG
6.9.2024 0:00;8,75;BKNG
9.10.2019 0:00;0,51;T
9.1.2020 0:00;0,52;T
8.4.2020 0:00;0,52;T
9.7.2020 0:00;0,52;T
8.10.2020 0:00;0,52;T
8.1.2021 0:00;0,52;T
8.4.2021 0:00;0,52;T
8.7.2021 0:00;0,52;T
7.10.2021 0:00;0,52;T
7.1.2022 0:00;0,52;T
13.4.2022 0:00;0,278;T
8.7.2022 0:00;0,278;T
6.10.2022 0:00;0,278;T
9.1.2023 0:00;0,278;T
6.4.2023 0:00;0,278;T
7.7.2023 0:00;0,278;T
6.10.2023 0:00;0,278;T
9.1.2024 0:00;0,278;T
9.4.2024 0:00;0,278;T
10.7.2024 0:00;0,278;T
10.10.2019 0:00;0,455;MMC
28.1.2020 0:00;0,455;MMC
7.4.2020 0:00;0,455;MMC
24.7.2020 0:00;0,465;MMC
8.10.2020 0:00;0,465;MMC
29.1.2021 0:00;0,465;MMC
6.4.2021 0:00;0,465;MMC
28.7.2021 0:00;0,535;MMC
7.10.2021 0:00;0,535;MMC
26.1.2022 0:00;0,535;MMC
5.4.2022 0:00;0,535;MMC
27.7.2022 0:00;0,59;MMC
6.10.2022 0:00;0,59;MMC
25.1.2023 0:00;0,59;MMC
4.4.2023 0:00;0,59;MMC
26.7.2023 0:00;0,71;MMC
5.10.2023 0:00;0,71;MMC
24.1.2024 0:00;0,71;MMC
3.4.2024 0:00;0,71;MMC
25.7.2024 0:00;0,815;MMC
27.11.2019 0:00;0,48;EL
27.2.2020 0:00;0,48;EL
28.8.2020 0:00;0,48;EL
27.11.2020 0:00;0,53;EL
25.2.2021 0:00;0,53;EL
27.5.2021 0:00;0,53;EL
30.8.2021 0:00;0,53;EL
29.11.2021 0:00;0,6;EL
25.2.2022 0:00;0,6;EL
27.5.2022 0:00;0,6;EL
30.8.2022 0:00;0,6;EL
29.11.2022 0:00;0,66;EL
27.2.2023 0:00;0,66;EL
30.5.2023 0:00;0,66;EL
30.8.2023 0:00;0,66;EL
29.11.2023 0:00;0,66;EL
28.2.2024 0:00;0,66;EL
31.5.2024 0:00;0,66;EL
30.8.2024 0:00;0,66;EL
29.11.2019 0:00;2,4;LMT
28.2.2020 0:00;2,4;LMT
29.5.2020 0:00;2,4;LMT
31.8.2020 0:00;2,4;LMT
30.11.2020 0:00;2,6;LMT
26.2.2021 0:00;2,6;LMT
28.5.2021 0:00;2,6;LMT
31.8.2021 0:00;2,6;LMT
30.11.2021 0:00;2,8;LMT
28.2.2022 0:00;2,8;LMT
31.5.2022 0:00;2,8;LMT
31.8.2022 0:00;2,8;LMT
30.11.2022 0:00;3;LMT
28.2.2023 0:00;3;LMT
31.5.2023 0:00;3;LMT
31.8.2023 0:00;3;LMT
30.11.2023 0:00;3,15;LMT
29.2.2024 0:00;3,15;LMT
3.6.2024 0:00;3,15;LMT
3.9.2024 0:00;3,15;LMT
30.12.2019 0:00;0,575;SYK
30.3.2020 0:00;0,575;SYK
29.6.2020 0:00;0,575;SYK
29.9.2020 0:00;0,575;SYK
30.12.2020 0:00;0,63;SYK
30.3.2021 0:00;0,63;SYK
29.6.2021 0:00;0,63;SYK
29.9.2021 0:00;0,63;SYK
30.12.2021 0:00;0,695;SYK
30.3.2022 0:00;0,695;SYK
29.6.2022 0:00;0,695;SYK
29.9.2022 0:00;0,695;SYK
29.12.2022 0:00;0,75;SYK
30.3.2023 0:00;0,75;SYK
29.6.2023 0:00;0,75;SYK
28.9.2023 0:00;0,75;SYK
28.12.2023 0:00;0,8;SYK
27.3.2024 0:00;0,8;SYK
28.6.2024 0:00;0,8;SYK
30.9.2024 0:00;0,8;SYK
7.11.2019 0:00;2,055;BA
13.2.2020 0:00;2,055;BA
12.12.2019 0:00;0,91;ADP
12.3.2020 0:00;0,91;ADP
11.6.2020 0:00;0,91;ADP
10.9.2020 0:00;0,91;ADP
10.12.2020 0:00;0,93;ADP
11.3.2021 0:00;0,93;ADP
10.6.2021 0:00;0,93;ADP
9.9.2021 0:00;0,93;ADP
9.12.2021 0:00;1,04;ADP
10.3.2022 0:00;1,04;ADP
9.6.2022 0:00;1,04;ADP
8.9.2022 0:00;1,04;ADP
8.12.2022 0:00;1,25;ADP
9.3.2023 0:00;1,25;ADP
8.6.2023 0:00;1,25;ADP
7.9.2023 0:00;1,25;ADP
7.12.2023 0:00;1,4;ADP
7.3.2024 0:00;1,4;ADP
14.6.2024 0:00;1,4;ADP
13.9.2024 0:00;1,4;ADP
30.12.2019 0:00;0,285;MDLZ
30.3.2020 0:00;0,285;MDLZ
29.6.2020 0:00;0,285;MDLZ
29.9.2020 0:00;0,315;MDLZ
30.12.2020 0:00;0,315;MDLZ
30.3.2021 0:00;0,315;MDLZ
29.6.2021 0:00;0,315;MDLZ
29.9.2021 0:00;0,35;MDLZ
30.12.2021 0:00;0,35;MDLZ
30.3.2022 0:00;0,35;MDLZ
29.6.2022 0:00;0,35;MDLZ
29.9.2022 0:00;0,385;MDLZ
29.12.2022 0:00;0,385;MDLZ
30.3.2023 0:00;0,385;MDLZ
29.6.2023 0:00;0,385;MDLZ
28.9.2023 0:00;0,425;MDLZ
28.12.2023 0:00;0,425;MDLZ
27.3.2024 0:00;0,425;MDLZ
28.6.2024 0:00;0,425;MDLZ
30.9.2024 0:00;0,47;MDLZ
21.10.2019 0:00;0,164;ZTS
16.1.2020 0:00;0,2;ZTS
16.4.2020 0:00;0,2;ZTS
16.7.2020 0:00;0,2;ZTS
20.10.2020 0:00;0,2;ZTS
19.1.2021 0:00;0,25;ZTS
20.4.2021 0:00;0,25;ZTS
20.7.2021 0:00;0,25;ZTS
28.10.2021 0:00;0,25;ZTS
19.1.2022 0:00;0,325;ZTS
20.4.2022 0:00;0,325;ZTS
20.7.2022 0:00;0,325;ZTS
31.10.2022 0:00;0,325;ZTS
19.1.2023 0:00;0,375;ZTS
20.4.2023 0:00;0,375;ZTS
20.7.2023 0:00;0,375;ZTS
31.10.2023 0:00;0,375;ZTS
18.1.2024 0:00;0,432;ZTS
18.4.2024 0:00;0,432;ZTS
18.7.2024 0:00;0,432;ZTS
20.12.2019 0:00;0,049841;GE
6.3.2020 0:00;0,049841;GE
26.6.2020 0:00;0,049841;GE
25.9.2020 0:00;0,049841;GE
18.12.2020 0:00;0,049841;GE
5.3.2021 0:00;0,049841;GE
25.6.2021 0:00;0,049841;GE
24.9.2021 0:00;0,049841;GE
20.12.2021 0:00;0,049841;GE
7.3.2022 0:00;0,049841;GE
27.6.2022 0:00;0,049841;GE
26.9.2022 0:00;0,049841;GE
14.12.2022 0:00;0,049841;GE
6.3.2023 0:00;0,063847;GE
10.7.2023 0:00;0,063847;GE
25.9.2023 0:00;0,063847;GE
27.12.2023 0:00;0,063847;GE
12.4.2024 0:00;0,28;GE
11.7.2024 0:00;0,28;GE
26.9.2024 0:00;0,28;GE
26.12.2019 0:00;1,01;AMT
13.4.2020 0:00;1,08;AMT
18.6.2020 0:00;1,1;AMT
25.9.2020 0:00;1,14;AMT
24.12.2020 0:00;1,21;AMT
12.4.2021 0:00;1,24;AMT
17.6.2021 0:00;1,27;AMT
27.9.2021 0:00;1,31;AMT
23.12.2021 0:00;1,39;AMT
12.4.2022 0:00;1,4;AMT
16.6.2022 0:00;1,43;AMT
7.10.2022 0:00;1,47;AMT
27.12.2022 0:00;1,56;AMT
13.4.2023 0:00;1,56;AMT
15.6.2023 0:00;1,57;AMT
10.10.2023 0:00;1,62;AMT
27.12.2023 0:00;1,7;AMT
11.4.2024 0:00;1,62;AMT
14.6.2024 0:00;1,62;AMT
30.11.2023 0:00;0,65;TMUS
29.2.2024 0:00;0,65;TMUS
31.5.2024 0:00;0,65;TMUS
30.8.2024 0:00;0,65;TMUS
30.9.2021 0:00;0,1;MU
31.12.2021 0:00;0,1;MU
8.4.2022 0:00;0,1;MU
8.7.2022 0:00;0,115;MU
7.10.2022 0:00;0,115;MU
30.12.2022 0:00;0,115;MU
6.4.2023 0:00;0,115;MU
7.7.2023 0:00;0,115;MU
6.10.2023 0:00;0,115;MU
29.12.2023 0:00;0,115;MU
28.3.2024 0:00;0,115;MU
8.7.2024 0:00;0,115;MU
1.11.2019 0:00;0,51;C
31.1.2020 0:00;0,51;C
1.5.2020 0:00;0,51;C
31.7.2020 0:00;0,51;C
30.10.2020 0:00;0,51;C
29.1.2021 0:00;0,51;C
30.4.2021 0:00;0,51;C
30.7.2021 0:00;0,51;C
29.10.2021 0:00;0,51;C
4.2.2022 0:00;0,51;C
29.4.2022 0:00;0,51;C
29.7.2022 0:00;0,51;C
4.11.2022 0:00;0,51;C
3.2.2023 0:00;0,51;C
28.4.2023 0:00;0,51;C
4.8.2023 0:00;0,53;C
3.11.2023 0:00;0,53;C
2.2.2024 0:00;0,53;C
3.5.2024 0:00;0,53;C
5.8.2024 0:00;0,56;C
9.3.2020 0:00;0,04;CI
9.3.2021 0:00;1;CI
7.6.2021 0:00;1;CI
7.9.2021 0:00;1;CI
6.12.2021 0:00;1;CI
8.3.2022 0:00;1,12;CI
7.6.2022 0:00;1,12;CI
6.9.2022 0:00;1,12;CI
5.12.2022 0:00;1,12;CI
7.3.2023 0:00;1,23;CI
6.6.2023 0:00;1,23;CI
5.9.2023 0:00;1,23;CI
5.12.2023 0:00;1,23;CI
5.3.2024 0:00;1,4;CI
4.6.2024 0:00;1,4;CI
4.9.2024 0:00;1,4;CI
19.12.2019 0:00;0,75;CB
19.3.2020 0:00;0,75;CB
18.6.2020 0:00;0,78;CB
17.9.2020 0:00;0,78;CB
17.12.2020 0:00;0,78;CB
18.3.2021 0:00;0,78;CB
17.6.2021 0:00;0,8;CB
16.9.2021 0:00;0,8;CB
16.12.2021 0:00;0,8;CB
17.3.2022 0:00;0,8;CB
16.6.2022 0:00;0,83;CB
15.9.2022 0:00;0,83;CB
15.12.2022 0:00;0,83;CB
16.3.2023 0:00;0,83;CB
15.6.2023 0:00;0,86;CB
14.9.2023 0:00;0,86;CB
14.12.2023 0:00;0,86;CB
14.3.2024 0:00;0,86;CB
14.6.2024 0:00;0,91;CB
13.9.2024 0:00;0,91;CB
31.12.2019 0:00;1,16;APD
31.3.2020 0:00;1,34;APD
30.6.2020 0:00;1,34;APD
30.9.2020 0:00;1,34;APD
31.12.2020 0:00;1,34;APD
31.3.2021 0:00;1,5;APD
30.6.2021 0:00;1,5;APD
30.9.2021 0:00;1,5;APD
31.12.2021 0:00;1,5;APD
31.3.2022 0:00;1,62;APD
30.6.2022 0:00;1,62;APD
30.9.2022 0:00;1,62;APD
30.12.2022 0:00;1,62;APD
31.3.2023 0:00;1,75;APD
30.6.2023 0:00;1,75;APD
29.9.2023 0:00;1,75;APD
29.12.2023 0:00;1,75;APD
28.3.2024 0:00;1,77;APD
1.7.2024 0:00;1,77;APD
1.10.2024 0:00;1,77;APD
21.10.2019 0:00;0,15;F
29.1.2020 0:00;0,15;F
18.11.2021 0:00;0,1;F
28.1.2022 0:00;0,1;F
25.4.2022 0:00;0,1;F
10.8.2022 0:00;0,15;F
14.11.2022 0:00;0,15;F
10.2.2023 0:00;0,8;F
25.4.2023 0:00;0,15;F
24.7.2023 0:00;0,15;F
31.10.2023 0:00;0,15;F
15.2.2024 0:00;0,33;F
7.5.2024 0:00;0,15;F
7.8.2024 0:00;0,15;F
19.11.2019 0:00;2,46;EQIX
25.2.2020 0:00;2,66;EQIX
19.5.2020 0:00;2,66;EQIX
18.8.2020 0:00;2,66;EQIX
17.11.2020 0:00;2,66;EQIX
23.2.2021 0:00;2,87;EQIX
18.5.2021 0:00;2,87;EQIX
17.8.2021 0:00;2,87;EQIX
16.11.2021 0:00;2,87;EQIX
4.3.2022 0:00;3,1;EQIX
17.5.2022 0:00;3,1;EQIX
16.8.2022 0:00;3,1;EQIX
15.11.2022 0:00;3,1;EQIX
6.3.2023 0:00;3,41;EQIX
23.5.2023 0:00;3,41;EQIX
22.8.2023 0:00;3,41;EQIX
14.11.2023 0:00;4,26;EQIX
27.2.2024 0:00;4,26;EQIX
21.5.2024 0:00;4,26;EQIX
21.8.2024 0:00;4,26;EQIX
13.12.2019 0:00;0,275;ICE
16.3.2020 0:00;0,3;ICE
15.6.2020 0:00;0,3;ICE
15.9.2020 0:00;0,3;ICE
15.12.2020 0:00;0,3;ICE
16.3.2021 0:00;0,33;ICE
15.6.2021 0:00;0,33;ICE
15.9.2021 0:00;0,33;ICE
16.12.2021 0:00;0,33;ICE
16.3.2022 0:00;0,38;ICE
14.6.2022 0:00;0,38;ICE
15.9.2022 0:00;0,38;ICE
14.12.2022 0:00;0,38;ICE
16.3.2023 0:00;0,42;ICE
14.6.2023 0:00;0,42;ICE
14.9.2023 0:00;0,42;ICE
13.12.2023 0:00;0,42;ICE
14.3.2024 0:00;0,45;ICE
13.6.2024 0:00;0,45;ICE
16.9.2024 0:00;0,45;ICE
5.12.2019 0:00;0,38;GM
5.3.2020 0:00;0,38;GM
30.8.2022 0:00;0,09;GM
1.12.2022 0:00;0,09;GM
2.3.2023 0:00;0,09;GM
1.6.2023 0:00;0,09;GM
31.8.2023 0:00;0,09;GM
30.11.2023 0:00;0,09;GM
29.2.2024 0:00;0,12;GM
7.6.2024 0:00;0,12;GM
6.9.2024 0:00;0,12;GM
14.11.2019 0:00;0,945;DUK
13.2.2020 0:00;0,945;DUK
14.5.2020 0:00;0,945;DUK
13.8.2020 0:00;0,965;DUK
12.11.2020 0:00;0,965;DUK
11.2.2021 0:00;0,965;DUK
13.5.2021 0:00;0,965;DUK
12.8.2021 0:00;0,985;DUK
10.11.2021 0:00;0,985;DUK
17.2.2022 0:00;0,985;DUK
12.5.2022 0:00;0,985;DUK
11.8.2022 0:00;1,005;DUK
17.11.2022 0:00;1,005;DUK
16.2.2023 0:00;1,005;DUK
11.5.2023 0:00;1,005;DUK
17.8.2023 0:00;1,025;DUK
16.11.2023 0:00;1,025;DUK
15.2.2024 0:00;1,025;DUK
16.5.2024 0:00;1,025;DUK
16.8.2024 0:00;1,045;DUK
15.11.2019 0:00;0,62;SO
14.2.2020 0:00;0,62;SO
15.5.2020 0:00;0,64;SO
14.8.2020 0:00;0,64;SO
13.11.2020 0:00;0,64;SO
12.2.2021 0:00;0,64;SO
14.5.2021 0:00;0,66;SO
13.8.2021 0:00;0,66;SO
12.11.2021 0:00;0,66;SO
18.2.2022 0:00;0,66;SO
13.5.2022 0:00;0,68;SO
12.8.2022 0:00;0,68;SO
18.11.2022 0:00;0,68;SO
17.2.2023 0:00;0,68;SO
12.5.2023 0:00;0,7;SO
18.8.2023 0:00;0,7;SO
17.11.2023 0:00;0,7;SO
16.2.2024 0:00;0,7;SO
17.5.2024 0:00;0,72;SO
19.8.2024 0:00;0,72;SO
4.10.2019 0:00;0,1;PGR
7.1.2020 0:00;2,35;PGR
6.4.2020 0:00;0,1;PGR
6.7.2020 0:00;0,1;PGR
6.10.2020 0:00;0,1;PGR
7.1.2021 0:00;4,6;PGR
6.4.2021 0:00;0,1;PGR
6.7.2021 0:00;0,1;PGR
6.10.2021 0:00;0,1;PGR
17.12.2021 0:00;1,5;PGR
6.1.2022 0:00;0,1;PGR
6.4.2022 0:00;0,1;PGR
6.7.2022 0:00;0,1;PGR
6.10.2022 0:00;0,1;PGR
5.1.2023 0:00;0,1;PGR
5.4.2023 0:00;0,1;PGR
6.7.2023 0:00;0,1;PGR
4.10.2023 0:00;0,1;PGR
18.1.2024 0:00;0,85;PGR
3.4.2024 0:00;0,1;PGR
3.7.2024 0:00;0,1;PGR
30.12.2019 0:00;0,55;HUM
30.3.2020 0:00;0,625;HUM
29.6.2020 0:00;0,625;HUM
29.9.2020 0:00;0,625;HUM
30.12.2020 0:00;0,625;HUM
30.3.2021 0:00;0,7;HUM
29.6.2021 0:00;0,7;HUM
29.9.2021 0:00;0,7;HUM
30.12.2021 0:00;0,7;HUM
30.3.2022 0:00;0,788;HUM
29.6.2022 0:00;0,788;HUM
29.9.2022 0:00;0,788;HUM
29.12.2022 0:00;0,788;HUM
30.3.2023 0:00;0,885;HUM
29.6.2023 0:00;0,885;HUM
28.9.2023 0:00;0,885;HUM
28.12.2023 0:00;0,885;HUM
27.3.2024 0:00;0,885;HUM
28.6.2024 0:00;0,885;HUM
30.9.2024 0:00;0,885;HUM
12.12.2019 0:00;2;PSA
13.3.2020 0:00;2;PSA
12.6.2020 0:00;2;PSA
14.9.2020 0:00;2;PSA
14.12.2020 0:00;2;PSA
15.3.2021 0:00;2;PSA
14.6.2021 0:00;2;PSA
14.9.2021 0:00;2;PSA
14.12.2021 0:00;2;PSA
15.3.2022 0:00;2;PSA
14.6.2022 0:00;2;PSA
29.7.2022 0:00;13,15;PSA
13.9.2022 0:00;2;PSA
13.12.2022 0:00;2;PSA
14.3.2023 0:00;3;PSA
13.6.2023 0:00;3;PSA
12.9.2023 0:00;3;PSA
12.12.2023 0:00;3;PSA
12.3.2024 0:00;3;PSA
12.6.2024 0:00;3;PSA
13.9.2024 0:00;3;PSA
