ticker;ebitda;ebit;total_expenses;diluted_eps;net_income;operating_expense;operating_income;operating_revenue;research_and_development;selling_general_and_administration;gross_profit;cost_of_revenue;total_revenue;interest_expense
AAPL;2024-06-30 00:00:00;25352000000;60425000000;1,4;21448000000;14326000000;25352000000;85777000000;8006000000;6320000000;39678000000;46099000000;85777000000;NULL
AAPL;2024-03-31 00:00:00;27900000000;62853000000;1,53;23636000000;14371000000;27900000000;90753000000;7903000000;6468000000;42271000000;48482000000;90753000000;NULL
AAPL;2023-12-31 00:00:00;40373000000;79202000000;2,18;33916000000;14482000000;40373000000;119575000000;7696000000;6786000000;54855000000;64720000000;119575000000;NULL
AAPL;2023-09-30 00:00:00;28000000000;62529000000;1,46;22956000000;13458000000;26969000000;89498000000;7307000000;6151000000;40427000000;49071000000;89498000000;NULL
MSFT;2024-06-30 00:00:00;27951000000;36802000000;2,95;22036000000;17118000000;27925000000;64727000000;8056000000;9062000000;45043000000;19684000000;64727000000;701000000
MSFT;2024-03-31 00:00:00;27527000000;34277000000;2,94;21939000000;15772000000;27581000000;61858000000;7653000000;8119000000;43353000000;18505000000;61858000000;800000000
MSFT;2023-12-31 00:00:00;27435000000;34988000000;2,93;21870000000;15365000000;27032000000;62020000000;7142000000;8223000000;42397000000;19623000000;62020000000;909000000
MSFT;2023-09-30 00:00:00;27809000000;29622000000;2,99;22291000000;13320000000;26895000000;56517000000;6659000000;6661000000;40215000000;16302000000;56517000000;525000000
GOOGL;2024-06-30 00:00:00;27618000000;57317000000;1,89;23619000000;21810000000;27425000000;84742000000;11860000000;9950000000;49235000000;35507000000;84742000000;67000000
GOOGL;2024-03-31 00:00:00;28409000000;55067000000;1,89;23662000000;21355000000;25472000000;80539000000;11903000000;9452000000;46827000000;33712000000;80539000000;94000000
GOOGL;2023-12-31 00:00:00;24481000000;62613000000;1,64;20687000000;25038000000;23697000000;86310000000;12113000000;12925000000;48735000000;37575000000;86310000000;69000000
GOOGL;2023-09-30 00:00:00;21313000000;55350000000;1,55;19689000000;22121000000;21343000000;76693000000;11258000000;10863000000;43464000000;33229000000;76693000000;116000000
AMZN;2024-06-30 00:00:00;15834000000;133305000000;1,26;13485000000;13650000000;14672000000;147977000000;NULL;13553000000;28322000000;119655000000;147977000000;589000000
AMZN;2024-03-31 00:00:00;13627000000;128006000000;0,98;10431000000;12632000000;15307000000;143313000000;NULL;12404000000;27939000000;115374000000;143313000000;644000000
AMZN;2023-12-31 00:00:00;14399000000;156752000000;1;10624000000;16066000000;13209000000;169961000000;NULL;15912000000;29275000000;140686000000;169961000000;713000000
AMZN;2023-09-30 00:00:00;12995000000;131895000000;0,94;9879000000;13356000000;11188000000;143083000000;NULL;13112000000;24544000000;118539000000;143083000000;806000000
NVDA;2024-07-31 00:00:00;19275000000;11398000000;0,67;16599000000;3932000000;18642000000;30040000000;3090000000;842000000;22574000000;7466000000;30040000000;61000000
NVDA;2024-04-30 00:00:00;17343000000;9135000000;0,598;14881000000;3497000000;16909000000;26044000000;2720000000;777000000;20406000000;5638000000;26044000000;64000000
NVDA;2024-01-31 00:00:00;14169000000;8489000000;0,49;12285000000;3177000000;13614000000;22103000000;2465000000;712000000;16791000000;5312000000;22103000000;63000000
NVDA;2023-10-31 00:00:00;10585000000;7703000000;0,371;9243000000;2983000000;10417000000;18120000000;2294000000;689000000;13400000000;4720000000;18120000000;63000000
BRK-B;2024-06-30 00:00:00;39367000000;79373000000;14,08134;30348000000;NULL;NULL;117510000000;NULL;6934000000;NULL;NULL;117510000000;1230000000
BRK-B;2024-03-31 00:00:00;17022000000;76039000000;5,883336;12702000000;NULL;NULL;91745000000;NULL;6464000000;NULL;NULL;91745000000;1316000000
BRK-B;2023-12-31 00:00:00;48214000000;83252000000;17,33;37574000000;NULL;NULL;130190000000;NULL;8492000000;NULL;NULL;130190000000;1276000000
BRK-B;2023-09-30 00:00:00;-15699000000;80391000000;-5,88267;-12767000000;NULL;NULL;63432000000;NULL;6609000000;NULL;NULL;63432000000;1260000000
META;2024-06-30 00:00:00;15234000000;24224000000;5,16;13465000000;16916000000;14847000000;38682000000;10537000000;6379000000;31763000000;7308000000;39071000000;128000000
META;2024-03-31 00:00:00;14310000000;22637000000;4,71;12369000000;15997000000;13818000000;36075000000;9978000000;6019000000;29815000000;6640000000;36455000000;127000000
META;2023-12-31 00:00:00;16943000000;23727000000;5,33;14017000000;16032000000;16384000000;39777000000;10517000000;5515000000;32416000000;7695000000;40111000000;136000000
META;2023-09-30 00:00:00;14159000000;20398000000;4,39;11583000000;14188000000;13748000000;33853000000;9241000000;4947000000;27936000000;6210000000;34146000000;139000000
TSLA;2024-06-30 00:00:00;1973000000;23273000000;0,42;1478000000;2351000000;2227000000;25500000000;1074000000;1277000000;4578000000;20922000000;25500000000;86000000
TSLA;2024-03-31 00:00:00;1629000000;20130000000;0,34;1129000000;2525000000;1171000000;21301000000;1151000000;1374000000;3696000000;17605000000;21301000000;76000000
TSLA;2023-12-31 00:00:00;2252000000;23103000000;2,27;7930000000;2374000000;2064000000;25167000000;1094000000;1280000000;4438000000;20729000000;25167000000;61000000
TSLA;2023-09-30 00:00:00;2083000000;21586000000;0,53;1853000000;2414000000;1764000000;23350000000;1161000000;1253000000;4178000000;19172000000;23350000000;38000000
UNH;2024-06-30 00:00:00;6650000000;90980000000;4,54;4216000000;14182000000;6878000000;97858000000;NULL;NULL;21060000000;76798000000;97858000000;985000000
UNH;2024-03-31 00:00:00;845000000;91865000000;-1,531522;-1409000000;15074000000;6920000000;98785000000;NULL;NULL;21994000000;76791000000;98785000000;844000000
UNH;2023-12-31 00:00:00;7689000000;86738000000;5,83;5455000000;14313000000;6510000000;93248000000;NULL;NULL;20823000000;72425000000;93248000000;830000000
UNH;2023-09-30 00:00:00;8526000000;83835000000;6,24;5841000000;14862000000;7529000000;91364000000;NULL;NULL;22391000000;68973000000;91364000000;834000000
JNJ;2024-06-30 00:00:00;6018000000;15790000000;1,93;4686000000;8921000000;6657000000;22447000000;3440000000;5481000000;15578000000;6869000000;22447000000;270000000
JNJ;2024-03-31 00:00:00;3869000000;15110000000;1,34;3255000000;8599000000;6273000000;21383000000;3542000000;5057000000;14872000000;6511000000;21383000000;155000000
JNJ;2023-12-31 00:00:00;4977000000;16788000000;1,67;4049000000;9990000000;4607000000;21395000000;4480000000;5510000000;14597000000;6798000000;21395000000;151000000
JNJ;2023-09-30 00:00:00;5409000000;15153000000;10,21;26028000000;8547000000;6198000000;21351000000;3447000000;5100000000;14745000000;6606000000;21351000000;192000000
V;2024-06-30 00:00:00;6185000000;2949000000;2,4;4872000000;1176000000;5951000000;11650000000;NULL;912000000;7127000000;1773000000;8900000000;196000000
V;2024-03-31 00:00:00;5595000000;2991000000;2,29;4663000000;1199000000;5784000000;11276000000;NULL;950000000;6983000000;1792000000;8775000000;82000000
V;2023-12-31 00:00:00;6229000000;2671000000;2,39;4890000000;1011000000;5963000000;11290000000;NULL;764000000;6974000000;1660000000;8634000000;187000000
V;2023-09-30 00:00:00;5819000000;2930000000;2,27;4681000000;1235000000;5679000000;11304000000;NULL;988000000;6914000000;1695000000;8609000000;183000000
XOM;2024-06-30 00:00:00;13936000000;79124000000;2,14;9240000000;9334000000;10862000000;89986000000;NULL;2602000000;20196000000;69790000000;89986000000;271000000
XOM;2024-03-31 00:00:00;12590000000;70493000000;2,06;8220000000;8989000000;9918000000;80411000000;NULL;2518000000;18907000000;61504000000;80411000000;221000000
XOM;2023-12-31 00:00:00;10897000000;73447000000;1,91;7630000000;9462000000;8241000000;81688000000;NULL;2808000000;17703000000;63985000000;81688000000;272000000
XOM;2023-09-30 00:00:00;13868000000;76892000000;2,25;9070000000;10705000000;11678000000;88570000000;NULL;2655000000;22383000000;66187000000;88570000000;169000000
PG;2024-06-30 00:00:00;4090000000;16647000000;1,27;3137000000;6299000000;3885000000;20532000000;NULL;6299000000;10184000000;10348000000;20532000000;220000000
PG;2024-03-31 00:00:00;4825000000;15735000000;1,52;3754000000;5880000000;4460000000;20195000000;NULL;5880000000;10340000000;9855000000;20195000000;233000000
PG;2023-12-31 00:00:00;4744000000;15666000000;1,4;3468000000;5522000000;5775000000;21441000000;NULL;5522000000;11297000000;10144000000;21441000000;248000000
PG;2023-09-30 00:00:00;6027000000;16105000000;1,83;4521000000;5604000000;5766000000;21871000000;NULL;5604000000;11370000000;10501000000;21871000000;225000000
LLY;2024-06-30 00:00:00;3700800000;6884300000;3,28;2967000000;4714100000;4418500000;11302800000;2711200000;2002900000;9132600000;2170200000;11302800000;183600000
LLY;2024-03-31 00:00:00;2715700000;6032400000;2,48;2242900000;4358900000;2735600000;8768000000;2522800000;1836100000;7094500000;1673500000;8768000000;179600000
LLY;2023-12-31 00:00:00;2647000000;5813400000;2,42;2189700000;4025400000;3540000000;9353400000;2562700000;1462700000;7565400000;1788000000;9353400000;138200000
LLY;2023-09-30 00:00:00;551800000;6073100000;-0,060465;-57400000;4213000000;3425500000;9498600000;2409100000;1803900000;7638500000;1860100000;9498600000;124600000
MA;2024-06-30 00:00:00;4092000000;2822000000;3,5;3258000000;1215000000;4139000000;6961000000;NULL;990000000;5354000000;1607000000;6961000000;153000000
MA;2024-03-31 00:00:00;3708000000;2590000000;3,22;3011000000;1076000000;3758000000;6348000000;NULL;860000000;4834000000;1514000000;6348000000;150000000
MA;2023-12-31 00:00:00;3469000000;2850000000;2,97;2791000000;1322000000;3698000000;6548000000;NULL;1117000000;5020000000;1528000000;6548000000;148000000
MA;2023-09-30 00:00:00;3912000000;2664000000;3,39;3198000000;1091000000;3869000000;6533000000;NULL;880000000;4960000000;1573000000;6533000000;151000000
HD;2024-07-31 00:00:00;6618000000;36641000000;4,6;4561000000;7882000000;6534000000;43175000000;NULL;7144000000;14416000000;28759000000;43175000000;573000000
HD;2024-04-30 00:00:00;5136000000;31339000000;3,63;3600000000;7354000000;5079000000;36418000000;NULL;6667000000;12433000000;23985000000;36418000000;485000000
HD;2024-01-31 00:00:00;4198000000;30643000000;2,82;2801000000;7365000000;4143000000;34786000000;NULL;6679000000;11508000000;23278000000;34786000000;513000000
HD;2023-10-31 00:00:00;5455000000;32304000000;3,81;3810000000;7332000000;5406000000;37710000000;NULL;6649000000;12738000000;24972000000;37710000000;487000000
CVX;2024-06-30 00:00:00;7149000000;43984000000;2,43;4434000000;9113000000;5590000000;49574000000;NULL;1048000000;14703000000;34871000000;49574000000;113000000
CVX;2024-03-31 00:00:00;8040000000;40628000000;2,97;5501000000;8796000000;5952000000;46580000000;NULL;1010000000;14748000000;31832000000;46580000000;118000000
CVX;2023-12-31 00:00:00;3610000000;43526000000;1,22;2259000000;8795000000;5407000000;48933000000;NULL;969000000;14202000000;34731000000;48933000000;120000000
CVX;2023-09-30 00:00:00;8852000000;45137000000;3,48;6526000000;8784000000;6785000000;51922000000;NULL;1163000000;15569000000;36353000000;51922000000;114000000
MRK;2024-06-30 00:00:00;6316000000;9984000000;2,14;5455000000;6239000000;6128000000;16112000000;3500000000;2739000000;12367000000;3745000000;16112000000;310000000
MRK;2024-03-31 00:00:00;5973000000;10015000000;1,87;4762000000;6475000000;5760000000;15775000000;3992000000;2483000000;12235000000;3540000000;15775000000;303000000
MRK;2023-12-31 00:00:00;-1736000000;16343000000;-0,48;-1226000000;12431000000;-1713000000;14630000000;9627000000;2804000000;10718000000;3912000000;14630000000;310000000
MRK;2023-09-30 00:00:00;5937000000;10090000000;1,86;4745000000;5826000000;5872000000;15962000000;3307000000;2519000000;11698000000;4264000000;15962000000;317000000
ABBV;2024-06-30 00:00:00;2872000000;9527000000;0,77;1370000000;5325000000;4935000000;14462000000;1948000000;3377000000;10260000000;4202000000;14462000000;726000000
ABBV;2024-03-31 00:00:00;2415000000;9348000000;0,77;1369000000;5254000000;2962000000;12310000000;1939000000;3315000000;8216000000;4094000000;12310000000;660000000
ABBV;2023-12-31 00:00:00;1776000000;10824000000;0,46;822000000;5120000000;3477000000;14301000000;1927000000;3193000000;8597000000;5704000000;14301000000;564000000
ABBV;2023-09-30 00:00:00;2508000000;11580000000;1;1778000000;5095000000;2347000000;13927000000;1723000000;3372000000;7442000000;6485000000;13927000000;555000000
PEP;2024-06-30 00:00:00;4104000000;18453000000;2,23;3083000000;8534000000;4048000000;22501000000;NULL;8534000000;12582000000;9919000000;22501000000;234000000
PEP;2024-03-31 00:00:00;2775000000;15533000000;1,48;2042000000;7285000000;2717000000;18250000000;NULL;7285000000;10002000000;8248000000;18250000000;202000000
PEP;2023-12-31 00:00:00;1750000000;25246000000;0,94;1302000000;12149000000;2604000000;27850000000;NULL;12149000000;14753000000;13097000000;27850000000;217000000
PEP;2023-09-30 00:00:00;4077000000;19432000000;2,24;3092000000;8757000000;4021000000;23453000000;NULL;8757000000;12778000000;10675000000;23453000000;201000000
KO;2024-06-30 00:00:00;3446000000;9731000000;0,56;2411000000;4919000000;2632000000;12363000000;NULL;2081000000;7551000000;4812000000;12363000000;418000000
KO;2024-03-31 00:00:00;4254000000;7626000000;0,74;3177000000;3391000000;3674000000;11300000000;NULL;1850000000;7065000000;4235000000;11300000000;382000000
KO;2023-12-31 00:00:00;2895000000;8492000000;0,46;1973000000;3858000000;2357000000;10849000000;NULL;1846000000;6215000000;4634000000;10849000000;413000000
KO;2023-09-30 00:00:00;3905000000;8386000000;0,71;3087000000;3729000000;3567000000;11953000000;NULL;2277000000;7296000000;4657000000;11953000000;368000000
PFE;2024-06-30 00:00:00;675000000;11020000000;0,01;41000000;7720000000;2263000000;13283000000;2696000000;3717000000;9983000000;3300000000;13283000000;778000000
PFE;2024-03-31 00:00:00;4211000000;10675000000;0,55;3115000000;7296000000;4203000000;14878000000;2493000000;3495000000;11499000000;3379000000;14878000000;790000000
PFE;2023-12-31 00:00:00;-3441000000;16220000000;-0,6;-3369000000;8657000000;-1971000000;14249000000;2815000000;4575000000;6686000000;7563000000;14249000000;688000000
PFE;2023-09-30 00:00:00;-2657000000;16440000000;-0,42;-2382000000;7171000000;-3208000000;13232000000;2711000000;3281000000;3963000000;9269000000;13232000000;695000000
AVGO;2024-07-31 00:00:00;3870000000;8981000000;-0,4;-1875000000;4265000000;4091000000;13072000000;2353000000;1100000000;8356000000;4716000000;13072000000;1064000000
AVGO;2024-04-30 00:00:00;3052000000;9230000000;0,442;2121000000;4519000000;3257000000;12487000000;2415000000;1277000000;7776000000;4711000000;12487000000;1047000000
AVGO;2024-01-31 00:00:00;2268000000;9258000000;0,284;1325000000;4672000000;2703000000;11961000000;2308000000;1572000000;7375000000;4586000000;11961000000;926000000
AVGO;2023-10-31 00:00:00;4372000000;5042000000;0,825;3524000000;2154000000;4253000000;9295000000;1388000000;418000000;6407000000;2888000000;9295000000;405000000
COST;2024-05-31 00:00:00;2325000000;56318000000;3,78;1681000000;5145000000;2197000000;58515000000;NULL;5145000000;7342000000;51173000000;58515000000;41000000
COST;2024-02-29 00:00:00;2278000000;56380000000;3,92;1743000000;5240000000;2062000000;58442000000;NULL;5240000000;7302000000;51140000000;58442000000;41000000
COST;2023-11-30 00:00:00;2144000000;55815000000;3,58;1589000000;5358000000;1984000000;57799000000;NULL;5358000000;7342000000;50457000000;57799000000;38000000
COST;2023-08-31 00:00:00;3019000000;76158000000;4,85;2160000000;6939000000;2781000000;78939000000;NULL;6939000000;9720000000;69219000000;78939000000;56000000
TMO;2024-06-30 00:00:00;2119000000;8644000000;4,04;1548000000;2450000000;1897000000;10541000000;339000000;2111000000;4347000000;6194000000;10541000000;354000000
TMO;2024-03-31 00:00:00;1952000000;8654000000;3,46;1328000000;2514000000;1691000000;10345000000;331000000;2183000000;4205000000;6140000000;10345000000;363000000
TMO;2023-12-31 00:00:00;2130000000;8952000000;4,2;1630000000;2459000000;1934000000;10886000000;327000000;2132000000;4393000000;6493000000;10886000000;390000000
TMO;2023-09-30 00:00:00;2124000000;8626000000;4,42;1715000000;2368000000;1948000000;10574000000;319000000;2049000000;4316000000;6258000000;10574000000;359000000
MCD;2024-06-30 00:00:00;2928000000;3463000000;2,8;2022000000;691000000;3027000000;6401000000;NULL;590000000;3718000000;2772000000;6490000000;373000000
MCD;2024-03-31 00:00:00;2781000000;3451000000;2,66;1929000000;721000000;2718000000;6078000000;NULL;622000000;3439000000;2730000000;6169000000;372000000
MCD;2023-12-31 00:00:00;2875200000;3573400000;2,8;2039000000;821400000;2832800000;6342700000;NULL;730900000;3654200000;2752000000;6406200000;360200000
MCD;2023-09-30 00:00:00;3264200000;3508700000;3,17;2317100000;680200000;3183500000;6603300000;NULL;583500000;3863700000;2828500000;6692200000;340700000
WMT;2024-07-31 00:00:00;6892000000;161395000000;0,56;4501000000;34585000000;7940000000;169335000000;NULL;34585000000;42525000000;126810000000;169335000000;679000000
WMT;2024-04-30 00:00:00;7749000000;154667000000;0,63;5104000000;33236000000;6841000000;161508000000;NULL;33236000000;40077000000;121431000000;161508000000;714000000
WMT;2024-01-31 00:00:00;8213000000;166134000000;0,676667;5494000000;34309000000;7254000000;173388000000;NULL;34309000000;41563000000;131825000000;173388000000;695000000
WMT;2023-10-31 00:00:00;1597000000;154602000000;0,056667;453000000;33419000000;6202000000;160804000000;NULL;33419000000;39621000000;121183000000;160804000000;682000000
CSCO;2024-07-31 00:00:00;2814000000;10912000000;0,54;2162000000;6051000000;2730000000;13642000000;2179000000;3604000000;8781000000;4861000000;13642000000;418000000
CSCO;2024-04-30 00:00:00;2592000000;9969000000;0,46;1886000000;5540000000;2733000000;12702000000;1948000000;3295000000;8273000000;4429000000;12702000000;357000000
CSCO;2024-01-31 00:00:00;3281000000;9683000000;0,65;2634000000;5109000000;3108000000;12791000000;1943000000;3100000000;8217000000;4574000000;12791000000;120000000
CSCO;2023-10-31 00:00:00;4553000000;10269000000;0,89;3638000000;5158000000;4399000000;14668000000;1913000000;3178000000;9557000000;5111000000;14668000000;111000000
ACN;2024-05-31 00:00:00;2665704000;13835963000;3,04;1932183000;2867586000;2630865000;16466828000;NULL;2790166000;5498451000;10968377000;16466828000;11334000
ACN;2024-02-29 00:00:00;2106044000;13753087000;2,63;1674859000;2832042000;2046427000;15799514000;NULL;2716633000;4878469000;10921045000;15799514000;10305000
ACN;2023-11-30 00:00:00;2631148000;13659416000;3,1;1973444000;2883054000;2564887000;16224303000;NULL;2743390000;5447941000;10776362000;16224303000;14495000
ACN;2023-08-31 00:00:00;1976530000;14072280000;2,15;1372963000;3268709000;1912920000;15985200000;NULL;2796826000;5181629000;10803571000;15985200000;17403000
ABT;2024-06-30 00:00:00;1747000000;8708000000;0,74;1302000000;4105000000;1669000000;10377000000;698000000;2936000000;5774000000;4603000000;10377000000;140000000
ABT;2024-03-31 00:00:00;1577000000;8578000000;0,7;1225000000;4115000000;1386000000;9964000000;684000000;2959000000;5501000000;4463000000;9964000000;141000000
ABT;2023-12-31 00:00:00;1954000000;8461000000;0,91;1594000000;3905000000;1780000000;10241000000;700000000;2724000000;5685000000;4556000000;10241000000;159000000
ABT;2023-09-30 00:00:00;1837000000;8496000000;0,82;1436000000;3891000000;1647000000;10143000000;672000000;2723000000;5538000000;4605000000;10143000000;166000000
DHR;2024-06-30 00:00:00;1148000000;4575000000;1,22;907000000;2260000000;1168000000;5743000000;391000000;1869000000;3428000000;2315000000;5743000000;65000000
DHR;2024-03-31 00:00:00;1336000000;4484000000;1,45;1088000000;2175000000;1312000000;5796000000;368000000;1807000000;3487000000;2309000000;5796000000;65000000
DHR;2023-12-31 00:00:00;535000000;2075000000;1,45;1079000000;1005000000;618000000;2693000000;239000000;766000000;1623000000;1070000000;2693000000;78000000
DHR;2023-09-30 00:00:00;1470000000;5435000000;1,51;1129000000;2562000000;1438000000;6873000000;417000000;2145000000;4000000000;2873000000;6873000000;73000000
NFLX;2024-06-30 00:00:00;2681842000;6956473000;4,88;2147306000;1782330000;2602837000;9559310000;711254000;1071076000;4385167000;5174143000;9559310000;167986000
NFLX;2024-03-31 00:00:00;2787893000;6737906000;5,28;2332209000;1760833000;2632534000;9370440000;702473000;1058360000;4393367000;4977073000;9370440000;173314000
NFLX;2023-12-31 00:00:00;1372134000;7336716000;2,11;937838000;2029231000;1496109000;8832825000;673341000;1355890000;3525340000;5307485000;8832825000;223984000
NFLX;2023-09-30 00:00:00;2084612000;6625274000;3,73;1677422000;1694486000;1916394000;8541668000;657159000;1037327000;3610880000;4930788000;8541668000;175563000
LIN;2024-06-30 00:00:00;2233000000;6036000000;3,44;1663000000;1785000000;2231000000;8267000000;36000000;791000000;4016000000;4251000000;8267000000;70000000
LIN;2024-03-31 00:00:00;2145000000;6013000000;3,35;1627000000;1797000000;2087000000;8100000000;38000000;810000000;3884000000;4216000000;8100000000;65000000
LIN;2023-12-31 00:00:00;2280000000;6087000000;3,16;1543000000;1656000000;2215000000;8302000000;39000000;668000000;3871000000;4431000000;8302000000;284000000
LIN;2023-09-30 00:00:00;2087000000;6117000000;3,19;1565000000;1803000000;2038000000;8155000000;36000000;808000000;3841000000;4314000000;8155000000;40000000
VZ;2024-06-30 00:00:00;7732000000;24978000000;1,09;4593000000;12507000000;7818000000;32796000000;NULL;8024000000;20325000000;12471000000;32796000000;1698000000
VZ;2024-03-31 00:00:00;7710000000;25460000000;1,09;4602000000;12588000000;7521000000;32981000000;NULL;8143000000;20109000000;12872000000;32981000000;1635000000
VZ;2023-12-31 00:00:00;-218000000;28689000000;-0,64;-2705000000;13507000000;6441000000;35130000000;NULL;8991000000;19948000000;15182000000;35130000000;1599000000
VZ;2023-09-30 00:00:00;7625000000;25863000000;1,13;4762000000;12426000000;7473000000;33336000000;NULL;7995000000;19899000000;13437000000;33336000000;1433000000
ADBE;2024-08-31 00:00:00;2093000000;3416000000;3,76;1684000000;2862000000;1992000000;5408000000;1022000000;1797000000;4854000000;554000000;5408000000;51000000
ADBE;2024-05-31 00:00:00;1971000000;3424000000;3,49;1573000000;2826000000;1885000000;5309000000;984000000;1800000000;4711000000;598000000;5309000000;41000000
ADBE;2024-02-29 00:00:00;995000000;3275000000;1,36;620000000;2685000000;1907000000;5182000000;939000000;1704000000;4592000000;590000000;5182000000;27000000
ADBE;2023-11-30 00:00:00;1836000000;3305000000;3,23;1483000000;2671000000;1743000000;5048000000;889000000;1740000000;4414000000;634000000;5048000000;28000000
NKE;2024-05-31 00:00:00;1546000000;11060000000;0,99;1500000000;4088000000;1546000000;12606000000;NULL;4088000000;5634000000;6972000000;12606000000;NULL
NKE;2024-02-29 00:00:00;1336000000;11093000000;0,77;1172000000;4226000000;1336000000;12429000000;NULL;4226000000;5562000000;6867000000;12429000000;NULL
NKE;2023-11-30 00:00:00;1825000000;11563000000;1,03;1578000000;4146000000;1825000000;13388000000;NULL;4146000000;5971000000;7417000000;13388000000;NULL
NKE;2023-08-31 00:00:00;1604000000;11335000000;0,94;1450000000;4116000000;1604000000;12939000000;NULL;4116000000;5720000000;7219000000;12939000000;NULL
TXN;2024-06-30 00:00:00;1378000000;2574000000;1,22;1127000000;963000000;1248000000;3822000000;498000000;465000000;2211000000;1611000000;3822000000;131000000
TXN;2024-03-31 00:00:00;1409000000;2499000000;1,2;1105000000;933000000;1162000000;3661000000;478000000;455000000;2095000000;1566000000;3661000000;116000000
TXN;2023-12-31 00:00:00;1646000000;2544000000;1,49;1371000000;898000000;1533000000;4077000000;460000000;438000000;2431000000;1646000000;4077000000;98000000
TXN;2023-09-30 00:00:00;2020000000;2640000000;1,85;1709000000;923000000;1892000000;4532000000;471000000;452000000;2815000000;1717000000;4532000000;98000000
CRM;2024-07-31 00:00:00;1882000000;7443000000;1,47;1429000000;5284000000;1882000000;9325000000;1349000000;3935000000;7166000000;2159000000;9325000000;NULL
CRM;2024-04-30 00:00:00;1717000000;7416000000;1,56;1533000000;5254000000;1717000000;9133000000;1368000000;3886000000;6971000000;2162000000;9133000000;NULL
CRM;2024-01-31 00:00:00;1795000000;7492000000;1,47;1446000000;5344000000;1795000000;9287000000;1275000000;4069000000;7139000000;2148000000;9287000000;NULL
CRM;2023-10-31 00:00:00;1556000000;7164000000;1,25;1224000000;5009000000;1556000000;8720000000;1204000000;3805000000;6565000000;2155000000;8720000000;NULL
NEE;2024-06-30 00:00:00;2052000000;4428000000;0,79;1622000000;1977000000;1641000000;6069000000;NULL;NULL;3618000000;2451000000;6069000000;820000000
NEE;2024-03-31 00:00:00;2487000000;3776000000;1,1;2268000000;1447000000;1955000000;5731000000;NULL;NULL;3402000000;2329000000;5731000000;323000000
NEE;2023-12-31 00:00:00;3063000000;4612000000;0,589094;1210000000;2145000000;2266000000;6878000000;NULL;NULL;4411000000;2467000000;6878000000;1980000000
NEE;2023-09-30 00:00:00;999000000;5343000000;0,6;1219000000;2593000000;1829000000;7172000000;NULL;NULL;4422000000;2750000000;7172000000;26000000
PM;2024-06-30 00:00:00;3430000000;6038000000;1,54;2406000000;2693000000;3430000000;9468000000;NULL;2693000000;6123000000;3345000000;9468000000;329000000
PM;2024-03-31 00:00:00;3030000000;5763000000;1,38;2148000000;2568000000;3030000000;8793000000;NULL;2568000000;5598000000;3195000000;8793000000;299000000
PM;2023-12-31 00:00:00;3345000000;5502000000;1,41;2196000000;2040000000;3545000000;58451000000;NULL;2040000000;5585000000;3462000000;9047000000;738000000
PM;2023-09-30 00:00:00;3362000000;5779000000;1,32;2054000000;2614000000;3362000000;9141000000;NULL;2614000000;5976000000;3165000000;9141000000;261000000
BMY;2024-06-30 00:00:00;1807000000;10510000000;0,83;1680000000;7243000000;1691000000;12041000000;2899000000;1928000000;8934000000;3267000000;12201000000;521000000
BMY;2024-03-31 00:00:00;-11091000000;10351000000;-5,89;-11911000000;7419000000;1514000000;11693000000;2695000000;2367000000;8933000000;2932000000;11865000000;425000000
BMY;2023-12-31 00:00:00;1990000000;9574000000;0,87;1762000000;6829000000;1903000000;11315000000;2478000000;2073000000;8732000000;2745000000;11477000000;316000000
BMY;2023-09-30 00:00:00;2417000000;9007000000;0,93;1928000000;6501000000;1959000000;10783000000;2242000000;2003000000;8460000000;2506000000;10966000000;280000000
COP;2024-06-30 00:00:00;3937000000;10158000000;1,98;2329000000;802000000;3462000000;13620000000;NULL;164000000;4264000000;9356000000;13620000000;278000000
COP;2024-03-31 00:00:00;4093000000;10405000000;2,15;2551000000;845000000;3443000000;13848000000;NULL;178000000;4288000000;9560000000;13848000000;285000000
COP;2023-12-31 00:00:00;4562000000;10641000000;2,52;3007000000;707000000;4088000000;14729000000;NULL;172000000;4795000000;9934000000;14729000000;298000000
COP;2023-09-30 00:00:00;4362000000;10430000000;2,32;2798000000;797000000;3820000000;14250000000;NULL;169000000;4617000000;9633000000;14250000000;262000000
QCOM;2024-06-30 00:00:00;2447000000;7097000000;1,88;2129000000;2923000000;2296000000;9393000000;2259000000;664000000;5219000000;4174000000;9393000000;168000000
QCOM;2024-03-31 00:00:00;2670000000;7049000000;2,06;2326000000;2943000000;2340000000;9389000000;2236000000;707000000;5283000000;4106000000;9389000000;172000000
QCOM;2023-12-31 00:00:00;3140000000;7007000000;2,46;2767000000;2695000000;2928000000;9935000000;2096000000;627000000;5623000000;4312000000;9935000000;178000000
QCOM;2023-09-30 00:00:00;1593000000;7506000000;1,32;1490000000;3626000000;1125000000;8631000000;2135000000;629000000;4751000000;3880000000;8631000000;173000000
HON;2024-06-30 00:00:00;2224000000;7439000000;2,36;1544000000;1583000000;2138000000;9577000000;382000000;1201000000;3721000000;5856000000;9577000000;250000000
HON;2024-03-31 00:00:00;2091000000;7078000000;2,23;1463000000;1495000000;2027000000;9105000000;360000000;1135000000;3522000000;5583000000;9105000000;220000000
HON;2023-12-31 00:00:00;1708000000;7846000000;1,91;1263000000;1645000000;1594000000;9440000000;360000000;1285000000;3239000000;6201000000;9440000000;202000000
HON;2023-09-30 00:00:00;2173000000;7132000000;2,27;1514000000;1462000000;2080000000;9212000000;364000000;1098000000;3542000000;5670000000;9212000000;206000000
MS;2024-06-30 00:00:00;NULL;NULL;1,82;3076000000;NULL;NULL;14024000000;NULL;6705000000;NULL;NULL;14024000000;11462000000
MS;2024-03-31 00:00:00;NULL;NULL;2,02;3412000000;NULL;NULL;14215000000;NULL;6913000000;NULL;NULL;14215000000;11134000000
MS;2023-12-31 00:00:00;NULL;NULL;0,85;1517000000;NULL;NULL;12031000000;NULL;5822000000;NULL;NULL;12031000000;12161000000
MS;2023-09-30 00:00:00;NULL;NULL;1,38;2408000000;NULL;NULL;12418000000;NULL;6126000000;NULL;NULL;12418000000;11328000000
ORCL;2024-08-31 00:00:00;4011000000;9230000000;1,03;2929000000;5324000000;4077000000;13307000000;2306000000;2394000000;9401000000;3906000000;13307000000;842000000
ORCL;2024-05-31 00:00:00;4660000000;9408000000;1,11;3144000000;5484000000;4879000000;14287000000;2226000000;2515000000;10363000000;3924000000;14287000000;878000000
ORCL;2024-02-29 00:00:00;3741000000;9285000000;0,85;2401000000;5416000000;3995000000;13280000000;2248000000;2419000000;9411000000;3869000000;13280000000;876000000
ORCL;2023-11-30 00:00:00;3608000000;9189000000;0,89;2503000000;5449000000;3752000000;12941000000;2226000000;2468000000;9201000000;3740000000;12941000000;888000000
RTX;2024-06-30 00:00:00;916000000;18818000000;0,08;111000000;2677000000;903000000;19721000000;706000000;1075000000;3580000000;16141000000;19721000000;488000000
RTX;2024-03-31 00:00:00;2271000000;17049000000;1,28;1709000000;1305000000;2256000000;19305000000;669000000;1008000000;3561000000;15744000000;19305000000;420000000
RTX;2023-12-31 00:00:00;2286000000;16370000000;1,05;1426000000;452000000;3557000000;19927000000;757000000;-335000000;4009000000;15918000000;19927000000;551000000
RTX;2023-09-30 00:00:00;-931000000;14860000000;-0,68;-984000000;2110000000;-1396000000;13464000000;712000000;1401000000;714000000;12750000000;13464000000;391000000
INTC;2024-06-30 00:00:00;-1710000000;13854000000;-0,38;-1610000000;5568000000;-1021000000;12833000000;4239000000;1329000000;4547000000;8286000000;12833000000;294000000
INTC;2024-03-31 00:00:00;-461000000;13445000000;-0,09;-381000000;5938000000;-721000000;12724000000;4382000000;1556000000;5217000000;7507000000;12724000000;258000000
INTC;2023-12-31 00:00:00;3055000000;13963000000;0,63;2669000000;5604000000;1443000000;15406000000;3987000000;1617000000;7047000000;8359000000;15406000000;267000000
INTC;2023-09-30 00:00:00;152000000;13350000000;0,07;297000000;5210000000;808000000;14158000000;3870000000;1340000000;6018000000;8140000000;14158000000;204000000
AMGN;2024-06-30 00:00:00;1602000000;6479000000;1,38;746000000;3243000000;1909000000;8041000000;1447000000;1785000000;5152000000;3236000000;8388000000;808000000
AMGN;2024-03-31 00:00:00;756000000;6456000000;-0,21;-113000000;3256000000;991000000;7118000000;1343000000;1808000000;4247000000;3200000000;7447000000;824000000
AMGN;2023-12-31 00:00:00;1673000000;6925000000;1,42;767000000;3813000000;1271000000;7833000000;1534000000;2274000000;5084000000;3112000000;8196000000;821000000
AMGN;2023-09-30 00:00:00;2706000000;4882000000;3,22;1730000000;3076000000;2021000000;6548000000;1079000000;1353000000;5097000000;1806000000;6903000000;759000000
SPGI;2024-06-30 00:00:00;1455000000;2110000000;3,23;1011000000;1025000000;1439000000;3549000000;NULL;734000000;2464000000;1085000000;3549000000;77000000
SPGI;2024-03-31 00:00:00;1394000000;2112000000;3,16;991000000;992000000;1379000000;3491000000;NULL;705000000;2371000000;1120000000;3491000000;78000000
SPGI;2023-12-31 00:00:00;870000000;2264000000;1,83;579000000;1232000000;888000000;3152000000;NULL;942000000;2120000000;1032000000;3152000000;76000000
SPGI;2023-09-30 00:00:00;1079000000;2018000000;2,33;742000000;1023000000;1066000000;3084000000;NULL;741000000;2089000000;995000000;3084000000;84000000
IBM;2024-06-30 00:00:00;2646000000;13356000000;1,96;1834000000;6536000000;2414000000;15769000000;1840000000;4667000000;8950000000;6820000000;15769000000;427000000
IBM;2024-03-31 00:00:00;1506000000;13273000000;1,72;1605000000;6554000000;1188000000;14461000000;1796000000;4740000000;7742000000;6719000000;14461000000;432000000
IBM;2023-12-31 00:00:00;4164000000;13414000000;3,55;3288000000;6300000000;3967000000;17380000000;1748000000;4526000000;10267000000;7114000000;17380000000;405000000
IBM;2023-09-30 00:00:00;2285000000;12682000000;1,84;1704000000;5953000000;2070000000;14752000000;1685000000;4215000000;8023000000;6729000000;14752000000;412000000
GS;2024-06-30 00:00:00;NULL;NULL;8,62;3043000000;NULL;NULL;12731000000;NULL;4393000000;NULL;NULL;12731000000;18198000000
GS;2024-03-31 00:00:00;NULL;NULL;11,58;4132000000;NULL;NULL;14213000000;NULL;4738000000;NULL;NULL;14213000000;17947000000
GS;2023-12-31 00:00:00;NULL;NULL;5,48;2008000000;NULL;NULL;11318000000;NULL;3777000000;NULL;NULL;11318000000;17145000000
GS;2023-09-30 00:00:00;NULL;NULL;5,47;2058000000;NULL;NULL;11817000000;NULL;4324000000;NULL;NULL;11817000000;16710000000
CAT;2024-06-30 00:00:00;3637000000;13207000000;5,48;2681000000;2743000000;3482000000;16689000000;535000000;1652000000;6225000000;10464000000;16689000000;137000000
CAT;2024-03-31 00:00:00;3675000000;12280000000;5,75;2856000000;2320000000;3519000000;15799000000;520000000;1577000000;5839000000;9960000000;15799000000;143000000
CAT;2023-12-31 00:00:00;3375000000;13936000000;5,28;2676000000;2632000000;3134000000;17070000000;554000000;1756000000;5766000000;11304000000;17070000000;126000000
CAT;2023-09-30 00:00:00;3644000000;13361000000;5,45;2794000000;2498000000;3449000000;16810000000;554000000;1624000000;5947000000;10863000000;16810000000;129000000
BLK;2024-06-30 00:00:00;2140000000;3002000000;9,99;1495000000;507000000;1803000000;4805000000;NULL;468000000;2310000000;2495000000;4805000000;126000000
BLK;2024-03-31 00:00:00;2005000000;3040000000;10,48;1573000000;506000000;1688000000;4728000000;NULL;468000000;2194000000;2534000000;4728000000;92000000
BLK;2023-12-31 00:00:00;2009000000;2987000000;9,15;1375000000;574000000;1644000000;4631000000;NULL;536000000;2218000000;2413000000;4631000000;82000000
BLK;2023-09-30 00:00:00;1890000000;2888000000;10,66;1604000000;503000000;1634000000;4522000000;NULL;464000000;2137000000;2385000000;4522000000;82000000
UPS;2024-06-30 00:00:00;2081000000;19874000000;1,65;1409000000;1859000000;1944000000;21818000000;NULL;NULL;3803000000;18015000000;21818000000;212000000
UPS;2024-03-31 00:00:00;1731000000;20093000000;1,3;1113000000;1968000000;1613000000;21706000000;NULL;NULL;3581000000;18125000000;21706000000;195000000
UPS;2023-12-31 00:00:00;2270000000;22440000000;1,87;1605000000;2342000000;2477000000;24917000000;NULL;NULL;4819000000;20098000000;24917000000;207000000
UPS;2023-09-30 00:00:00;1467000000;19718000000;1,31;1127000000;1903000000;1343000000;21061000000;NULL;NULL;3246000000;17815000000;21061000000;199000000
MDT;2024-07-31 00:00:00;1435000000;6507000000;0,8;1042000000;3746000000;1408000000;7915000000;676000000;2655000000;5154000000;2761000000;7915000000;167000000
MDT;2024-04-30 00:00:00;1057000000;7380000000;0,49;654000000;4336000000;1209000000;8589000000;675000000;2765000000;5545000000;3044000000;8589000000;202000000
MDT;2024-01-31 00:00:00;1660000000;6586000000;0,99;1322000000;3804000000;1503000000;8089000000;695000000;2673000000;5307000000;2782000000;8089000000;188000000
MDT;2023-10-31 00:00:00;1493000000;6539000000;0,68;909000000;3778000000;1445000000;7984000000;698000000;2686000000;5223000000;2761000000;7984000000;180000000
SCHW;2024-06-30 00:00:00;NULL;NULL;0,66;1332000000;NULL;NULL;4690000000;NULL;1557000000;NULL;NULL;4690000000;1659000000
SCHW;2024-03-31 00:00:00;NULL;NULL;0,68;1362000000;NULL;NULL;4740000000;NULL;1626000000;NULL;NULL;4740000000;1708000000
SCHW;2023-12-31 00:00:00;NULL;NULL;0,51;1045000000;NULL;NULL;4459000000;NULL;1513000000;NULL;NULL;4459000000;1835000000
SCHW;2023-09-30 00:00:00;NULL;NULL;0,56;1125000000;NULL;NULL;4606000000;NULL;1872000000;NULL;NULL;4606000000;1790000000
UNP;2024-06-30 00:00:00;2503000000;3607000000;2,74;1673000000;336000000;2400000000;5638000000;NULL;NULL;2736000000;3271000000;6007000000;319000000
UNP;2024-03-31 00:00:00;2464000000;3644000000;2,69;1641000000;340000000;2387000000;5616000000;NULL;-15000000;2727000000;3304000000;6031000000;324000000
UNP;2023-12-31 00:00:00;2515000000;3752000000;2,71;1652000000;361000000;2407000000;5801000000;NULL;NULL;2768000000;3391000000;6159000000;331000000
UNP;2023-09-30 00:00:00;2283000000;3764000000;2,51;1528000000;378000000;2177000000;5545000000;NULL;NULL;2555000000;3386000000;5941000000;334000000
DE;2024-07-31 00:00:00;3195000000;9957000000;6,29;1734000000;2109000000;2891000000;12848000000;567000000;1278000000;5000000000;7848000000;12848000000;840000000
DE;2024-04-30 00:00:00;3953000000;11282000000;8,53;2370000000;2125000000;3715000000;14997000000;565000000;1265000000;5840000000;9157000000;14997000000;836000000
DE;2024-01-31 00:00:00;3017000000;9168000000;6,23;1751000000;1968000000;2678000000;11846000000;533000000;1066000000;4646000000;7200000000;11846000000;802000000
DE;2023-10-31 00:00:00;3855000000;11435000000;8,26;2369000000;1781000000;3722000000;15157000000;606000000;1226000000;5503000000;9654000000;15157000000;782000000
LOW;2024-07-31 00:00:00;3499000000;20139000000;4,17;2383000000;4448000000;3447000000;23257000000;NULL;4025000000;7895000000;15691000000;23586000000;369000000
LOW;2024-04-30 00:00:00;2674000000;18711000000;3,06;1755000000;4437000000;2653000000;21223000000;NULL;4009000000;7090000000;14274000000;21364000000;373000000
LOW;2024-01-31 00:00:00;1711000000;16914000000;1,77;1020000000;4339000000;1688000000;18272000000;NULL;3897000000;6027000000;12575000000;18602000000;372000000
LOW;2023-10-31 00:00:00;2723000000;17775000000;3,06;1773000000;4195000000;2696000000;20116000000;NULL;3761000000;6891000000;13580000000;20471000000;372000000
GILD;2024-06-30 00:00:00;2290000000;4272000000;1,29;1614000000;2728000000;2681000000;6953000000;1351000000;1377000000;5409000000;1544000000;6953000000;237000000
GILD;2024-03-31 00:00:00;-4232000000;6877000000;-3,34;-4170000000;5325000000;-191000000;6686000000;3950000000;1375000000;5134000000;1552000000;6686000000;254000000
GILD;2023-12-31 00:00:00;1905000000;5106000000;1,14;1429000000;3016000000;2008000000;7114000000;1408000000;1608000000;5024000000;2090000000;7114000000;252000000
GILD;2023-09-30 00:00:00;2550000000;4337000000;1,73;2180000000;2772000000;2713000000;7050000000;1457000000;1315000000;5485000000;1565000000;7050000000;232000000
CVS;2024-06-30 00:00:00;3069000000;88189000000;1,41;1770000000;10338000000;3045000000;91234000000;NULL;NULL;13383000000;77851000000;91234000000;732000000
CVS;2024-03-31 00:00:00;2296000000;86166000000;0,88;1113000000;10290000000;2271000000;88437000000;NULL;NULL;12561000000;75876000000;88437000000;716000000
CVS;2023-12-31 00:00:00;3395000000;90440000000;1,58;2046000000;10503000000;3373000000;93813000000;NULL;NULL;13876000000;79937000000;93813000000;690000000
CVS;2023-09-30 00:00:00;3712000000;86063000000;1,75;2261000000;9876000000;3701000000;89764000000;NULL;NULL;13577000000;76187000000;89764000000;693000000
SBUX;2024-06-30 00:00:00;1545600000;7670300000;0,93;1054800000;1100300000;1443600000;8645000000;NULL;576000000;2543900000;6570000000;9113900000;141300000
SBUX;2024-03-31 00:00:00;1133000000;7532100000;0,68;772400000;1159300000;1030900000;8107100000;NULL;654600000;2190200000;6372800000;8563000000;140600000
SBUX;2023-12-31 00:00:00;1519200000;7995800000;0,9;1024400000;1163700000;1429500000;8947300000;NULL;648000000;2593200000;6832100000;9425300000;140100000
SBUX;2023-09-30 00:00:00;1736300000;7786800000;1,06;1219300000;1132400000;1586800000;8867400000;NULL;635700000;2719200000;6654400000;9373600000;143200000
INTU;2024-07-31 00:00:00;-79000000;3099000000;-0,07;-20000000;2316000000;85000000;3184000000;725000000;1468000000;2401000000;783000000;3184000000;61000000
INTU;2024-04-30 00:00:00;3144000000;3627000000;8,42;2389000000;2560000000;3110000000;6737000000;671000000;1769000000;5670000000;1067000000;6737000000;72000000
INTU;2024-01-31 00:00:00;411000000;2997000000;1,25;353000000;2142000000;389000000;3386000000;678000000;1344000000;2531000000;855000000;3386000000;57000000
INTU;2023-10-31 00:00:00;329000000;2685000000;0,85;241000000;1925000000;293000000;2978000000;680000000;1125000000;2218000000;760000000;2978000000;65000000
NOW;2024-06-30 00:00:00;340000000;2387000000;1,26;262000000;1835000000;240000000;2627000000;643000000;1192000000;2075000000;552000000;2627000000;6000000
NOW;2024-03-31 00:00:00;431000000;2271000000;1,67;347000000;1751000000;332000000;2603000000;606000000;1145000000;2083000000;520000000;2603000000;6000000
NOW;2023-12-31 00:00:00;353000000;2167000000;1,43;295000000;1651000000;270000000;2437000000;562000000;1089000000;1921000000;516000000;2437000000;6000000
NOW;2023-09-30 00:00:00;305000000;2057000000;1,17;242000000;1561000000;231000000;2288000000;549000000;1012000000;1792000000;496000000;2288000000;6000000
PLD;2024-06-30 00:00:00;1162827000;1271116000;0,92;861348000;755345000;736838000;2007954000;NULL;106596000;1492183000;515771000;2007954000;208267000
PLD;2024-03-31 00:00:00;856607000;1294108000;0,63;585715000;761040000;662513000;1956621000;NULL;111291000;1423553000;533068000;1956621000;193000000
PLD;2023-12-31 00:00:00;886104000;1245406000;0,68;630936000;758323000;643841000;1889247000;NULL;98309000;1402164000;487083000;1889247000;151723000
PLD;2023-09-30 00:00:00;1021437000;1251170000;0,8;747627000;751025000;663494000;1914664000;NULL;96673000;1414519000;500145000;1914664000;181053000
AXP;2024-06-30 00:00:00;NULL;NULL;4,15;3015000000;NULL;NULL;16333000000;NULL;3429000000;NULL;NULL;16333000000;2064000000
AXP;2024-03-31 00:00:00;NULL;NULL;3,33;2437000000;NULL;NULL;15801000000;NULL;3574000000;NULL;NULL;15801000000;2006000000
AXP;2023-12-31 00:00:00;NULL;NULL;2,62;1933000000;NULL;NULL;15792000000;NULL;3359000000;NULL;NULL;15792000000;1948000000
AXP;2023-09-30 00:00:00;NULL;NULL;3,3;2451000000;NULL;NULL;15342000000;NULL;3283000000;NULL;NULL;15342000000;1798000000
MO;2024-06-30 00:00:00;5377000000;2365000000;2,21;3803000000;763000000;2912000000;6206000000;NULL;763000000;3675000000;1602000000;5277000000;261000000
MO;2024-03-31 00:00:00;2993000000;2043000000;1,21;2129000000;606000000;2674000000;5557000000;NULL;606000000;3280000000;1437000000;4717000000;254000000
MO;2023-12-31 00:00:00;3126000000;2323000000;1,17;2060000000;798000000;2701000000;6008000000;NULL;798000000;3499000000;1525000000;5024000000;391000000
MO;2023-09-30 00:00:00;3180000000;2155000000;1,22;2166000000;577000000;3122000000;6257000000;NULL;577000000;3699000000;1578000000;5277000000;272000000
BKNG;2024-06-30 00:00:00;2186000000;4003000000;44,38;1521000000;4003000000;1856000000;5859000000;NULL;3678000000;NULL;NULL;5859000000;264000000
BKNG;2024-03-31 00:00:00;1156000000;3624000000;22,37;776000000;3624000000;791000000;4415000000;NULL;3300000000;NULL;NULL;4415000000;219000000
BKNG;2023-12-31 00:00:00;619000000;4179000000;6,28;222000000;4179000000;605000000;4784000000;NULL;3853000000;NULL;NULL;4784000000;208000000
BKNG;2023-09-30 00:00:00;3403000000;4236000000;69,8;2511000000;4236000000;3105000000;7341000000;NULL;3920000000;NULL;NULL;7341000000;254000000
T;2024-06-30 00:00:00;6790000000;23557000000;0,49;3597000000;12115000000;6240000000;29797000000;NULL;7043000000;18355000000;11442000000;29797000000;1699000000
T;2024-03-31 00:00:00;6593000000;24022000000;0,47;3445000000;12068000000;6006000000;30028000000;NULL;7021000000;18074000000;11954000000;30028000000;1724000000
T;2023-12-31 00:00:00;4662000000;26162000000;0,3;2188000000;12251000000;5860000000;32022000000;NULL;7485000000;18111000000;13911000000;32022000000;1726000000
T;2023-09-30 00:00:00;6642000000;23964000000;0,48;3495000000;11910000000;6386000000;30350000000;NULL;7205000000;18296000000;12054000000;30350000000;1662000000
ISRG;2024-06-30 00:00:00;567300000;1442600000;1,46;526900000;805400000;567300000;2009900000;280100000;525300000;1372700000;637200000;2009900000;NULL
ISRG;2024-03-31 00:00:00;469400000;1421200000;1,51;544900000;776000000;469400000;1890600000;284500000;491500000;1245400000;645200000;1890600000;NULL
ISRG;2023-12-31 00:00:00;450200000;1478100000;1,69;606200000;827200000;450200000;1928300000;260100000;567100000;1277400000;650900000;1928300000;NULL
ISRG;2023-09-30 00:00:00;465800000;1277900000;1,16;415700000;701400000;465800000;1743700000;249400000;452000000;1167200000;576500000;1743700000;NULL
MMC;2024-06-30 00:00:00;1721000000;4579000000;2,27;1125000000;1125000000;1642000000;6238000000;NULL;NULL;2767000000;3454000000;6221000000;156000000
MMC;2024-03-31 00:00:00;2030000000;4548000000;2,82;1400000000;1078000000;1925000000;6487000000;NULL;NULL;3003000000;3470000000;6473000000;159000000
MMC;2023-12-31 00:00:00;1199000000;4451000000;1,52;756000000;1183000000;1103000000;5509000000;NULL;NULL;2286000000;3268000000;5554000000;151000000
MMC;2023-09-30 00:00:00;1075000000;4386000000;1,47;730000000;1099000000;996000000;5396000000;NULL;NULL;2095000000;3287000000;5382000000;145000000
EL;2024-06-30 00:00:00;-188000000;3537000000;-0,79;-284000000;2444000000;334000000;3871000000;NULL;2444000000;2778000000;1093000000;3871000000;91000000
EL;2024-03-31 00:00:00;580000000;3391000000;0,91;330000000;2284000000;549000000;3940000000;NULL;2284000000;2833000000;1107000000;3940000000;94000000
EL;2023-12-31 00:00:00;617000000;3698000000;0,87;313000000;2544000000;581000000;4279000000;NULL;2544000000;3125000000;1154000000;4279000000;98000000
EL;2023-09-30 00:00:00;141000000;3419000000;0,09;31000000;2349000000;99000000;3518000000;NULL;2349000000;2448000000;1070000000;3518000000;95000000
LMT;2024-06-30 00:00:00;2209000000;15959000000;6,85;1641000000;-33000000;2163000000;18122000000;NULL;-15000000;2130000000;15992000000;18122000000;261000000
LMT;2024-03-31 00:00:00;2090000000;15150000000;6,39;1545000000;-52000000;2045000000;17195000000;NULL;-16000000;1993000000;15202000000;17195000000;255000000
LMT;2023-12-31 00:00:00;2399000000;16581000000;7,58;1866000000;2000000;2293000000;18874000000;NULL;NULL;2295000000;16579000000;18874000000;254000000
LMT;2023-09-30 00:00:00;2190000000;14836000000;6,73;1684000000;6000000;2042000000;16878000000;NULL;NULL;2048000000;14830000000;16878000000;237000000
SYK;2024-06-30 00:00:00;1051000000;4371000000;2,14;825000000;2365000000;1051000000;5422000000;363000000;1847000000;3416000000;2006000000;5422000000;NULL
SYK;2024-03-31 00:00:00;972000000;4271000000;2,05;788000000;2361000000;972000000;5243000000;368000000;1840000000;3333000000;1910000000;5243000000;NULL
SYK;2023-12-31 00:00:00;1263000000;4552000000;2,98;1143000000;2440000000;1263000000;5815000000;350000000;1941000000;3703000000;2112000000;5815000000;NULL
SYK;2023-09-30 00:00:00;940000000;3969000000;1,8;692000000;2218000000;940000000;4909000000;353000000;1701000000;3158000000;1751000000;4909000000;NULL
BA;2024-06-30 00:00:00;-842000000;17968000000;-2,33;-1439000000;2331000000;-1102000000;16866000000;954000000;1377000000;1229000000;15637000000;16866000000;673000000
BA;2024-03-31 00:00:00;191000000;16722000000;-0,56;-343000000;2029000000;-153000000;16569000000;868000000;1161000000;1876000000;14693000000;16569000000;569000000
BA;2023-12-31 00:00:00;591000000;21737000000;-0,04;-23000000;2416000000;281000000;22018000000;881000000;1535000000;2697000000;19321000000;22018000000;600000000
BA;2023-09-30 00:00:00;-511000000;18940000000;-2,7;-1636000000;2001000000;-836000000;18104000000;958000000;1043000000;1165000000;16939000000;18104000000;589000000
ADP;2024-06-30 00:00:00;1191500000;3658300000;2,02;829300000;1026700000;1110200000;4768500000;NULL;1026700000;2136900000;2631600000;4768500000;102200000
ADP;2024-03-31 00:00:00;1609000000;3700700000;2,88;1184900000;932500000;1553100000;5253800000;NULL;932500000;2485600000;2768200000;5253800000;62700000
ADP;2023-12-31 00:00:00;1248700000;3484100000;2,13;878400000;922500000;1183900000;4668000000;NULL;922500000;2106400000;2561600000;4668000000;104900000
ADP;2023-09-30 00:00:00;1184400000;3395700000;2,08;859400000;880300000;1116700000;4512400000;NULL;880300000;1997000000;2515400000;4512400000;91600000
MDLZ;2024-06-30 00:00:00;980000000;7474000000;0,45;601000000;1928000000;869000000;8343000000;NULL;1891000000;2797000000;5546000000;8343000000;130000000
MDLZ;2024-03-31 00:00:00;2804000000;6516000000;1,04;1412000000;1976000000;2774000000;9290000000;NULL;1938000000;4750000000;4540000000;9290000000;122000000
MDLZ;2023-12-31 00:00:00;1281000000;8140000000;0,7;950000000;2296000000;1174000000;9314000000;NULL;2259000000;3470000000;5844000000;9314000000;118000000
MDLZ;2023-09-30 00:00:00;1465000000;7592000000;0,72;984000000;2057000000;1437000000;9029000000;NULL;2019000000;3494000000;5535000000;9029000000;134000000
ZTS;2024-06-30 00:00:00;839000000;1455000000;1,37;624000000;787000000;906000000;2361000000;171000000;581000000;1693000000;668000000;2361000000;59000000
ZTS;2024-03-31 00:00:00;805000000;1389000000;1,31;599000000;746000000;801000000;2190000000;162000000;547000000;1547000000;643000000;2190000000;58000000
ZTS;2023-12-31 00:00:00;709000000;1504000000;1,14;525000000;776000000;709000000;2213000000;174000000;565000000;1485000000;728000000;2213000000;59000000
ZTS;2023-09-30 00:00:00;776000000;1353000000;1,29;596000000;715000000;798000000;2151000000;152000000;525000000;1513000000;638000000;2151000000;59000000
GE;2024-06-30 00:00:00;1695000000;7466000000;1,15;1266000000;1891000000;1627000000;9093000000;300000000;1591000000;3518000000;5575000000;9093000000;248000000
GE;2024-03-31 00:00:00;2144000000;15023000000;1,39;1537000000;3403000000;1030000000;16053000000;507000000;2896000000;4433000000;11620000000;16053000000;278000000
GE;2023-12-31 00:00:00;2305000000;18228000000;1,45;1592000000;3832000000;1195000000;19423000000;551000000;3281000000;5027000000;14396000000;19423000000;296000000
GE;2023-09-30 00:00:00;586000000;16256000000;0,23;348000000;3352000000;1090000000;17346000000;471000000;2881000000;4442000000;12904000000;17346000000;286000000
AMT;2024-06-30 00:00:00;1393800000;1616000000;1,92;900300000;794100000;1284300000;2900300000;NULL;234300000;2078400000;821900000;2900300000;365400000
AMT;2024-03-31 00:00:00;1397600000;1597500000;1,96;917400000;809200000;1236600000;2834100000;NULL;257000000;2045800000;788300000;2834100000;366700000
AMT;2023-12-31 00:00:00;385900000;1640200000;0,18;84900000;828800000;1146500000;2786700000;NULL;252300000;1975300000;811400000;2786700000;350700000
AMT;2023-09-30 00:00:00;1002200000;1837900000;1,26;586900000;1022100000;980700000;2818600000;NULL;231900000;2002800000;815800000;2818600000;359200000
TMUS;2024-06-30 00:00:00;4622000000;15142000000;2,49;2925000000;8390000000;4630000000;19535000000;NULL;5142000000;13020000000;6752000000;19772000000;854000000
TMUS;2024-03-31 00:00:00;4018000000;15596000000;2;2374000000;8509000000;3998000000;19347000000;NULL;5138000000;12507000000;7087000000;19594000000;880000000
TMUS;2023-12-31 00:00:00;3492000000;16998000000;1,67;2014000000;8598000000;3480000000;20217000000;NULL;5280000000;12078000000;8400000000;20478000000;849000000
TMUS;2023-09-30 00:00:00;3637000000;15656000000;1,82;2142000000;8521000000;3596000000;18990000000;NULL;5334000000;12117000000;7135000000;19252000000;790000000
MU;2024-05-31 00:00:00;865000000;6130000000;0,3;332000000;1151000000;681000000;6811000000;850000000;291000000;1832000000;4979000000;6811000000;150000000
MU;2024-02-29 00:00:00;314000000;5642000000;0,71;793000000;897000000;182000000;5824000000;832000000;280000000;1079000000;4745000000;5824000000;144000000
MU;2023-11-30 00:00:00;-1023000000;5854000000;-1,12;-1234000000;1093000000;-1128000000;4726000000;845000000;263000000;-35000000;4761000000;4726000000;132000000
MU;2023-08-31 00:00:00;-1329000000;5385000000;-1,31;-1430000000;940000000;-1375000000;4010000000;719000000;219000000;-435000000;4445000000;4010000000;129000000
PYPL;2024-06-30 00:00:00;1492000000;6447000000;1,08;1128000000;2170000000;1438000000;7885000000;718000000;1016000000;3608000000;4277000000;7885000000;93000000
PYPL;2024-03-31 00:00:00;1295000000;6319000000;0,83;888000000;2081000000;1380000000;7699000000;742000000;885000000;3461000000;4238000000;7699000000;86000000
PYPL;2023-12-31 00:00:00;1880000000;6609000000;1,29;1402000000;2255000000;1417000000;8026000000;770000000;1020000000;3672000000;4354000000;8026000000;87000000
PYPL;2023-09-30 00:00:00;1327000000;6211000000;0,93;1020000000;2162000000;1207000000;7418000000;739000000;949000000;3369000000;4049000000;7418000000;86000000
C;2024-06-30 00:00:00;NULL;NULL;1,52;3217000000;NULL;NULL;20144000000;NULL;7186000000;NULL;NULL;20144000000;22494000000
C;2024-03-31 00:00:00;NULL;NULL;1,58;3371000000;NULL;NULL;21094000000;NULL;7928000000;NULL;NULL;21094000000;22716000000
C;2023-12-31 00:00:00;NULL;NULL;-1,161439;-1839000000;NULL;NULL;18840000000;NULL;7283000000;NULL;NULL;18840000000;22555000000
C;2023-09-30 00:00:00;NULL;NULL;1,63;3546000000;NULL;NULL;19746000000;NULL;7773000000;NULL;NULL;19746000000;21009000000
CI;2024-06-30 00:00:00;2364000000;58486000000;5,45;1548000000;NULL;NULL;60475000000;NULL;3684000000;NULL;NULL;60475000000;375000000
CI;2024-03-31 00:00:00;401000000;55340000000;-0,97;-277000000;NULL;NULL;55419000000;NULL;3705000000;NULL;NULL;55419000000;322000000
CI;2023-12-31 00:00:00;548000000;50892000000;3,49;1029000000;NULL;NULL;51080000000;NULL;4062000000;NULL;NULL;51080000000;360000000
CI;2023-09-30 00:00:00;2205000000;47194000000;4,74;1408000000;NULL;NULL;49034000000;NULL;3788000000;NULL;NULL;49034000000;365000000
CB;2024-06-30 00:00:00;2888000000;11197000000;5,46;2230000000;NULL;NULL;13903000000;NULL;1094000000;NULL;NULL;13903000000;182000000
CB;2024-03-31 00:00:00;2814000000;10321000000;5,23;2143000000;NULL;NULL;12957000000;NULL;1070000000;NULL;NULL;12957000000;178000000
CB;2023-12-31 00:00:00;2785000000;10472000000;8,03;3300000000;NULL;NULL;13084000000;NULL;1048000000;NULL;NULL;13084000000;173000000
CB;2023-09-30 00:00:00;2627000000;11436000000;4,95;2043000000;NULL;NULL;13889000000;NULL;1060000000;NULL;NULL;13889000000;174000000
APD;2024-06-30 00:00:00;905200000;2247900000;3,13;696600000;242300000;737600000;2985500000;27000000;235400000;979900000;2005600000;2985500000;55700000
APD;2024-03-31 00:00:00;771300000;2236000000;2,57;572400000;244500000;694200000;2930200000;25400000;240600000;938700000;1991500000;2930200000;59900000
APD;2023-12-31 00:00:00;810500000;2330500000;2,73;609300000;263300000;666900000;2997400000;25700000;238400000;930200000;2067200000;2997400000;53500000
APD;2023-09-30 00:00:00;889200000;2452700000;3,11;692600000;245500000;738600000;3191300000;24700000;232700000;984100000;2207200000;3191300000;48000000
F;2024-06-30 00:00:00;2717000000;45925000000;0,46;1831000000;2678000000;1883000000;47808000000;NULL;2678000000;4561000000;43247000000;47808000000;279000000
F;2024-03-31 00:00:00;1904000000;41552000000;0,33;1332000000;2376000000;1225000000;42777000000;NULL;2376000000;3601000000;39176000000;42777000000;292000000
F;2023-12-31 00:00:00;-1497000000;46207000000;-0,13;-526000000;2775000000;-245000000;45962000000;NULL;2775000000;2530000000;43432000000;45962000000;370000000
F;2023-09-30 00:00:00;1717000000;42672000000;0,3;1199000000;2671000000;1129000000;43801000000;NULL;2671000000;3800000000;40001000000;43801000000;330000000
MRNA;2024-06-30 00:00:00;-1273000000;1584000000;-3,33;-1279000000;1469000000;-1363000000;184000000;1221000000;268000000;106000000;115000000;221000000;6000000
MRNA;2024-03-31 00:00:00;-1159000000;1433000000;-3,07;-1175000000;1337000000;-1266000000;167000000;1063000000;274000000;71000000;96000000;167000000;6000000
MRNA;2023-12-31 00:00:00;76000000;2807000000;0,55;217000000;1878000000;6000000;2793000000;1406000000;470000000;1884000000;929000000;2813000000;6000000
MRNA;2023-09-30 00:00:00;-1948000000;3799000000;-9,53;-3630000000;1558000000;-2012000000;1757000000;1160000000;442000000;-454000000;2241000000;1787000000;10000000
EQIX;2024-06-30 00:00:00;458000000;1738000000;3,16;301000000;656000000;421000000;2159000000;NULL;656000000;1077000000;1082000000;2159000000;110000000
EQIX;2024-03-31 00:00:00;381000000;1761000000;2,43;231000000;670000000;366000000;2127000000;NULL;670000000;1036000000;1091000000;2127000000;104000000
EQIX;2023-12-31 00:00:00;373485000;1758228000;2,4;227568000;666452000;352261000;2110489000;NULL;666452000;1018713000;1091776000;2110489000;103183000
EQIX;2023-09-30 00:00:00;397130000;1685387000;2,93;275794000;616396000;375643000;2061030000;NULL;616396000;992039000;1068991000;2061030000;101385000
ICE;2024-06-30 00:00:00;1094000000;1816000000;1,1;632000000;549000000;1081000000;2897000000;NULL;168000000;1630000000;1267000000;2897000000;233000000
ICE;2024-03-31 00:00:00;1205000000;1702000000;1,33;767000000;524000000;1099000000;2801000000;NULL;143000000;1623000000;1178000000;2801000000;241000000
ICE;2023-12-31 00:00:00;767000000;1673000000;0,64;373000000;511000000;993000000;2666000000;NULL;132000000;1504000000;1162000000;2666000000;251000000
ICE;2023-09-30 00:00:00;888000000;1429000000;0,96;541000000;419000000;1000000000;2429000000;NULL;110000000;1419000000;1010000000;2429000000;206000000
GM;2024-06-30 00:00:00;3849000000;44096000000;2,55;2933000000;2372000000;3872000000;47968000000;NULL;2372000000;6244000000;41724000000;47968000000;206000000
GM;2024-03-31 00:00:00;3934000000;39277000000;2,56;2980000000;2175000000;3737000000;43014000000;NULL;2175000000;5912000000;37102000000;43014000000;219000000
GM;2023-12-31 00:00:00;1358000000;42061000000;1,6;2101000000;2391000000;918000000;42979000000;NULL;2391000000;3309000000;39670000000;42979000000;222000000
GM;2023-09-30 00:00:00;3693000000;41119000000;2,2;3064000000;2344000000;3012000000;44131000000;NULL;2344000000;5356000000;38775000000;44131000000;229000000
EW;2024-06-30 00:00:00;377200000;1008700000;0,61;366300000;723400000;377200000;1385900000;272600000;450800000;1100600000;285300000;1385900000;NULL
EW;2024-03-31 00:00:00;437700000;1160500000;0,58;351900000;774900000;437700000;1598200000;285200000;489700000;1212600000;385600000;1598200000;NULL
EW;2023-12-31 00:00:00;314300000;1106900000;0,61;369900000;750000000;427200000;1534100000;270000000;480000000;1177200000;356900000;1534100000;NULL
EW;2023-09-30 00:00:00;420600000;1060300000;0,63;384900000;709900000;420600000;1480900000;270300000;439600000;1130500000;350400000;1480900000;NULL
DUK;2024-06-30 00:00:00;1895000000;5428000000;1,13;900000000;1802000000;1744000000;7172000000;NULL;NULL;3546000000;3626000000;7172000000;824000000
DUK;2024-03-31 00:00:00;2149000000;5719000000;1,44;1138000000;1773000000;1952000000;7671000000;NULL;NULL;3725000000;3946000000;7671000000;817000000
DUK;2023-12-31 00:00:00;2050000000;5374000000;1,27;1005000000;1604000000;1838000000;7212000000;NULL;NULL;3442000000;3770000000;7212000000;793000000
DUK;2023-09-30 00:00:00;2289000000;5803000000;1,59;1252000000;1747000000;2191000000;7994000000;NULL;NULL;3938000000;4056000000;7994000000;774000000
SO;2024-06-30 00:00:00;2172000000;4524000000;1,09;1203000000;1545000000;1939000000;6154000000;NULL;NULL;3484000000;2979000000;6463000000;694000000
SO;2024-03-31 00:00:00;1959000000;4943000000;1,03;1129000000;1541000000;1703000000;6418000000;NULL;NULL;3244000000;3402000000;6646000000;665000000
SO;2023-12-31 00:00:00;1434000000;4838000000;0,78;855000000;1281000000;1207000000;5758000000;NULL;NULL;2488000000;3557000000;6045000000;634000000
SO;2023-09-30 00:00:00;2349000000;4870000000;1,29;1422000000;1644000000;2110000000;6758000000;NULL;NULL;3754000000;3226000000;6980000000;620000000
REGN;2024-06-30 00:00:00;1642900000;2453600000;12,41;1432300000;1973400000;1093500000;3442600000;1200000000;758800000;3066900000;480200000;3547100000;14800000
REGN;2024-03-31 00:00:00;716800000;2386500000;6,27;722000000;1952700000;758500000;3028100000;1248400000;689000000;2711200000;433800000;3145000000;16100000
REGN;2023-12-31 00:00:00;1165900000;2431400000;10,19;1159600000;1914400000;1002900000;3221800000;1177200000;737700000;2917300000;517000000;3434300000;18300000
REGN;2023-09-30 00:00:00;1128600000;2151700000;8,89;1007800000;1715300000;1211000000;3224400000;1075300000;640500000;2926300000;436400000;3362700000;17800000
PGR;2024-06-30 00:00:00;1930000000;16266600000;2,48;1458700000;NULL;NULL;18127000000;NULL;NULL;NULL;NULL;18127000000;69600000
PGR;2024-03-31 00:00:00;3009500000;14296900000;3,94;2331400000;NULL;NULL;17236800000;NULL;NULL;NULL;NULL;17236800000;69600000
PGR;2023-12-31 00:00:00;2573100000;14380400000;3,37;1987800000;NULL;NULL;16883800000;NULL;NULL;NULL;NULL;16883800000;69700000
PGR;2023-09-30 00:00:00;1479900000;14143200000;1,89;1121300000;NULL;NULL;15553400000;NULL;NULL;NULL;NULL;15553400000;69700000
HUM;2024-06-30 00:00:00;1086000000;28622000000;5,62;679000000;NULL;NULL;29540000000;NULL;NULL;NULL;NULL;29540000000;168000000
HUM;2024-03-31 00:00:00;1173000000;28597000000;6,11;741000000;NULL;NULL;29611000000;NULL;NULL;NULL;NULL;29611000000;159000000
HUM;2023-12-31 00:00:00;-445000000;27053000000;-4,42;-541000000;NULL;NULL;26462000000;NULL;NULL;NULL;NULL;26462000000;146000000
HUM;2023-09-30 00:00:00;1212000000;25325000000;6,71;832000000;NULL;NULL;26423000000;NULL;NULL;NULL;NULL;26423000000;114000000
PSA;2024-06-30 00:00:00;596520000;610966000;2,66;518127000;309922000;562245000;1173211000;NULL;26580000;872167000;301044000;1173211000;73236000
PSA;2024-03-31 00:00:00;580954000;631022000;2,6;508948000;306539000;526198000;1157220000;NULL;21336000;832737000;324483000;1157220000;67778000
PSA;2023-12-31 00:00:00;521320000;579385000;2,21;439292000;288554000;580483000;1159868000;NULL;23112000;869037000;290831000;1159868000;68602000
PSA;2023-09-30 00:00:00;674993000;556317000;3,2;613298000;267373000;587503000;1143820000;4757000;20965000;854876000;288944000;1143820000;58350000
