ticker;ebitda;ebit;total_expenses;diluted_eps;net_income;operating_expense;operating_income;operating_revenue;selling_general_and_administration;gross_profit;cost_of_revenue;total_revenue;interest_expense
AAPL;2020;69964000000;208227000000;3,28;57411000000;38668000000;66288000000;274515000000;19916000000;104956000000;169559000000;274515000000;2873000000
GOOGL;2020;48217000000;141303000000;2,930501;40269000000;56571000000;41224000000;182527000000;28998000000;97795000000;84732000000;182527000000;135000000
AMZN;2020;25825000000;363165000000;2,0915;21331000000;28601000000;22899000000;386064000000;28676000000;51500000000;334564000000;386064000000;1647000000
BRK-B;2020;59776000000;230632000000;17,778676;42521000000;NULL;NULL;286325000000;23329000000;NULL;NULL;286325000000;4083000000
META;2020;32671000000;53294000000;10,09;29146000000;36602000000;32671000000;85308000000;18155000000;69273000000;16692000000;85965000000;NULL
TSLA;2020;1902000000;29542000000;0,213333;721000000;4636000000;1994000000;31536000000;3145000000;6630000000;24906000000;31536000000;748000000
UNH;2020;22405000000;234736000000;16,03;15403000000;44595000000;20903000000;255639000000;NULL;65498000000;190141000000;255639000000;1663000000
JNJ;2020;16698000000;62851000000;5,51;14714000000;34424000000;19733000000;82584000000;22084000000;54157000000;28427000000;82584000000;201000000
V;2020;14306000000;7754000000;4,89;10866000000;3242000000;14092000000;27078000000;2475000000;17334000000;4512000000;21846000000;516000000
XOM;2020;-27725000000;209227000000;-5,25;-22440000000;38780000000;-30653000000;178574000000;11373000000;8127000000;170447000000;178574000000;1158000000
PG;2020;NULL;NULL;4,96;NULL;NULL;NULL;NULL;NULL;NULL;NULL;NULL;NULL
LLY;2020;7589500000;17438400000;6,47477;6193700000;11955100000;7101400000;24539800000;5869400000;19056500000;5483300000;24539800000;359600000
MA;2020;8140000000;7138000000;6,37;6411000000;3351000000;8163000000;18899000000;2771000000;11514000000;3787000000;15301000000;380000000
HD;2020;NULL;NULL;NULL;NULL;NULL;NULL;NULL;NULL;NULL;NULL;NULL;NULL
CVX;2020;-6756000000;100568000000;-2,96;-5543000000;28912000000;-6097000000;94471000000;4213000000;22815000000;71656000000;94471000000;697000000
MRK;2020;6694000000;35970000000;2,78;7067000000;22352000000;5548000000;41518000000;8955000000;27900000000;13618000000;41518000000;831000000
ABBV;2020;5852000000;33065000000;2,615101;4616000000;17678000000;12739000000;45804000000;11299000000;30417000000;15387000000;45804000000;2454000000
PEP;2020;10197000000;60250000000;5,12;7120000000;28453000000;10122000000;70372000000;28453000000;38575000000;31797000000;70372000000;1128000000
KO;2020;11186000000;23289000000;1,79;7747000000;9856000000;9725000000;33014000000;9731000000;19581000000;13433000000;33014000000;1437000000
PFE;2020;8485000000;32822000000;1,71;9159000000;24338000000;8829000000;41651000000;11597000000;33167000000;8484000000;41651000000;1449000000
AVGO;2020;4220000000;19676000000;0,631418;2960000000;9304000000;4212000000;23888000000;1935000000;13516000000;10372000000;23888000000;1777000000
COST;2020;5531000000;161326000000;9,02;4002000000;16387000000;5435000000;166761000000;16387000000;21822000000;144939000000;166761000000;164000000
TMO;2020;7783000000;24325000000;15,96;6375000000;8111000000;7893000000;32218000000;6930000000;16004000000;16214000000;32218000000;553000000
MCD;2020;7358800000;12001300000;6,31;4730500000;2545600000;7206500000;18865300000;2245000000;9752100000;9455700000;19207800000;1218100000
CSCO;2020;NULL;NULL;2,64;NULL;NULL;NULL;NULL;NULL;NULL;NULL;NULL;NULL
ACN;2020;6807402000;37813395000;7,89;5107839000;7462514000;6513644000;44327039000;7462514000;13976158000;30350881000;44327039000;33071000
ABT;2020;5514000000;29251000000;2,5;4495000000;14248000000;5357000000;34608000000;9696000000;19605000000;15003000000;34608000000;546000000
DHR;2020;4770000000;18053000000;4,89;3646000000;8244000000;4231000000;22284000000;6896000000;12475000000;9809000000;22284000000;275000000
NFLX;2020;4585289000;20410767000;6,08;2761395000;5134448000;4585289000;24996056000;3304848000;9719737000;15276319000;24996056000;1385940000
LIN;2020;3639000000;23354000000;4,71;2501000000;7971000000;3889000000;27243000000;3193000000;11860000000;15383000000;27243000000;255000000
VZ;2020;28214000000;99494000000;4,3;17801000000;48293000000;28798000000;128292000000;31573000000;77091000000;51201000000;128292000000;4247000000
ADBE;2020;4292000000;8631000000;10,83;5260000000;6909000000;4237000000;12868000000;4559000000;11146000000;1722000000;12868000000;116000000
TXN;2020;6207000000;8345000000;5,97;5595000000;3153000000;6116000000;14461000000;1623000000;9269000000;5192000000;14461000000;190000000
CRM;2020;NULL;NULL;NULL;NULL;NULL;NULL;NULL;NULL;NULL;NULL;NULL;NULL
NEE;2020;4363000000;13051000000;1,48;2919000000;5761000000;4946000000;17997000000;NULL;10707000000;7290000000;17997000000;1950000000
PM;2020;11681000000;17123000000;5,16;8056000000;7554000000;11571000000;76047000000;7481000000;19125000000;9569000000;28694000000;728000000
BMY;2020;-5451000000;40341000000;-3,99;-9015000000;28568000000;2177000000;41936000000;7661000000;30745000000;11773000000;42518000000;1420000000
COP;2020;-2082000000;20584000000;-2,51;-2701000000;2641000000;-1800000000;18784000000;430000000;841000000;17943000000;18784000000;1058000000
QCOM;2020;6321000000;17276000000;4,52;5198000000;8021000000;6255000000;23531000000;2074000000;14276000000;9255000000;23531000000;602000000
HON;2020;6371000000;25983000000;6,72;4779000000;3814000000;6654000000;32637000000;3814000000;10468000000;22169000000;32637000000;359000000
MS;2020;NULL;NULL;6,46;10996000000;NULL;NULL;45828000000;21137000000;NULL;NULL;45828000000;3849000000
ORCL;2020;NULL;NULL;NULL;NULL;NULL;NULL;NULL;NULL;NULL;NULL;NULL;NULL
RTX;2020;-945000000;55293000000;-2,59;-3519000000;7237000000;1294000000;56587000000;5540000000;8531000000;48056000000;56587000000;1408000000
INTC;2020;25707000000;53991000000;4,94;20899000000;19736000000;23876000000;77867000000;6180000000;43612000000;34255000000;77867000000;629000000
AMGN;2020;9395000000;16285000000;12,31;7264000000;10126000000;9139000000;24240000000;5730000000;19265000000;6159000000;25424000000;1262000000
SPGI;2020;3369000000;3841000000;9,66;2339000000;1747000000;3601000000;7442000000;1541000000;5348000000;2094000000;7442000000;141000000
IBM;2020;3860000000;50517000000;6,23;5590000000;26203000000;4662000000;55179000000;20561000000;30865000000;24314000000;55179000000;1288000000
GS;2020;NULL;NULL;24,74;9459000000;NULL;NULL;44559000000;13710000000;NULL;NULL;44559000000;8938000000
CAT;2020;4509000000;37195000000;5,46;2998000000;7524000000;4553000000;41748000000;4642000000;12077000000;29671000000;41748000000;514000000
BLK;2020;6729000000;9892000000;31,7226;4932000000;1670000000;6313000000;16205000000;1564000000;7983000000;8222000000;16205000000;205000000
UPS;2020;2545000000;76944000000;1,64;1343000000;7600000000;7684000000;84628000000;NULL;15284000000;69344000000;84628000000;701000000
MDT;2020;NULL;NULL;NULL;NULL;NULL;NULL;NULL;NULL;NULL;NULL;NULL;NULL
SCHW;2020;NULL;NULL;2,12;3299000000;NULL;NULL;11691000000;4280000000;NULL;NULL;11691000000;418000000
UNP;2020;8121000000;11699000000;7,88;5349000000;1345000000;7834000000;18251000000;NULL;9179000000;10354000000;19533000000;1141000000
DE;2020;5130000000;30354000000;8,69;2751000000;6489000000;4368000000;34722000000;3677000000;10857000000;23865000000;34722000000;1247000000
LOW;2020;NULL;NULL;NULL;NULL;NULL;NULL;NULL;NULL;NULL;NULL;NULL;NULL
GILD;2020;2653000000;14762000000;0,1;123000000;10190000000;9927000000;24689000000;5151000000;20117000000;4572000000;24689000000;984000000
CVS;2020;12677000000;254795000000;5,46;7179000000;35135000000;13911000000;268706000000;NULL;49046000000;219660000000;268706000000;2907000000
SBUX;2020;1601400000;22000100000;0,79;928300000;3541200000;1517900000;21491700000;1679600000;5059100000;18458900000;23518000000;437000000
INTU;2020;NULL;NULL;NULL;NULL;NULL;NULL;NULL;NULL;NULL;NULL;NULL;NULL
NOW;2020;183000000;4320000000;0,59;119000000;3333000000;199000000;4519000000;2309000000;3532000000;987000000;4519000000;33000000
PLD;2020;2046995000;3036928000;2,01;1481814000;1866824000;1401807000;4438735000;274845000;3268631000;1170104000;4438735000;299907000
AXP;2020;NULL;NULL;3,77;3135000000;NULL;NULL;36239000000;9414000000;NULL;NULL;36239000000;2098000000
MO;2020;8113000000;9968000000;2,4;4467000000;2150000000;10873000000;26153000000;2150000000;13023000000;7818000000;20841000000;1223000000
BKNG;2020;923000000;6216000000;1,44;59000000;6216000000;580000000;6796000000;5459000000;NULL;NULL;6796000000;356000000
T;2020;5069000000;146475000000;-0,75;-5176000000;66555000000;25285000000;171760000000;38039000000;91840000000;79920000000;171760000000;7925000000
ISRG;2020;1049800000;3308600000;2,94;1060600000;1811400000;1049800000;4358400000;1216300000;2861200000;1497200000;4358400000;NULL
MMC;2020;3308000000;14158000000;3,94;2016000000;4029000000;3066000000;17224000000;NULL;7095000000;10129000000;17224000000;515000000
LMT;2020;8826000000;56754000000;24,3;6833000000;10000000;8644000000;65398000000;NULL;8654000000;56744000000;65398000000;591000000
SYK;2020;2240000000;12111000000;4,2;1599000000;6817000000;2240000000;14351000000;5361000000;9057000000;5294000000;14351000000;NULL
BA;2020;-12320000000;71136000000;-20,88;-11941000000;7293000000;-12978000000;58158000000;4817000000;-5685000000;63843000000;58158000000;2156000000
ADP;2020;NULL;NULL;5,7;NULL;NULL;NULL;NULL;NULL;NULL;NULL;NULL;NULL
MDLZ;2020;3806000000;22427000000;2,47;3555000000;6292000000;4154000000;26581000000;6098000000;10446000000;16135000000;26581000000;423000000
ZTS;2020;2227000000;4406000000;3,42;1638000000;2349000000;2269000000;6675000000;1726000000;4618000000;2057000000;6675000000;231000000
GE;2020;9485000000;75425000000;4,64;5704000000;17554000000;409000000;75834000000;14989000000;17963000000;57871000000;75834000000;3515000000
AMT;2020;2614600000;4913900000;3,79;1690600000;2686700000;3127600000;8041500000;778700000;5814300000;2227200000;8041500000;793500000
TMUS;2020;6231000000;61343000000;2,65;3064000000;33077000000;7054000000;67707000000;18926000000;40131000000;28266000000;68397000000;2701000000
MU;2020;3177000000;18375000000;2,37;2687000000;3492000000;3060000000;21435000000;881000000;6552000000;14883000000;21435000000;194000000
PYPL;2020;5274000000;18026000000;3,54;4202000000;8351000000;3428000000;21454000000;3931000000;11779000000;9675000000;21454000000;209000000
C;2020;NULL;NULL;4,87;11047000000;NULL;NULL;75494000000;23544000000;NULL;NULL;75494000000;13338000000
CI;2020;12306000000;149682000000;22,96;8458000000;NULL;NULL;160550000000;14072000000;NULL;NULL;160550000000;1438000000
CB;2020;4678000000;31890000000;7,79;3533000000;NULL;NULL;36052000000;2979000000;NULL;NULL;36052000000;516000000
APD;2020;2533100000;6618700000;8,49;1886700000;760600000;2237600000;8856300000;742100000;2998200000;5858100000;8856300000;109300000
F;2020;535000000;131552000000;-0,32;-1279000000;10193000000;-4408000000;127144000000;10193000000;5785000000;121359000000;127144000000;1651000000
MRNA;2020;-763000000;1037000000;-1,96;-747000000;1029000000;-763000000;274000000;188000000;266000000;8000000;274000000;9886000
EQIX;2020;922691000;4883677000;4,18;369777000;1809337000;1114868000;5998545000;1809337000;2924205000;3074340000;5998545000;406466000
ICE;2020;3123000000;5106000000;3,77;2089000000;1161000000;3138000000;8244000000;410000000;4299000000;3945000000;8244000000;357000000
GM;2020;9193000000;115851000000;4,33;6427000000;7038000000;6634000000;122485000000;7038000000;13672000000;108813000000;122485000000;1098000000
EW;2020;932500000;3069700000;1,3;823400000;1989100000;1316600000;4386300000;1228400000;3305700000;1080600000;4386300000;15800000
DUK;2020;3017000000;17828000000;1,72;1377000000;5815000000;5538000000;23366000000;NULL;11353000000;12013000000;23366000000;2097000000
SO;2020;5317000000;15555000000;2,95;3134000000;5077000000;4820000000;19694000000;NULL;9897000000;10478000000;20375000000;1821000000
REGN;2020;3867300000;4920500000;30,519999;3513200000;3800600000;3576600000;7940100000;1346000000;7377200000;1119900000;8497100000;56900000
PGR;2020;7390200000;35464900000;9,66;5704600000;NULL;NULL;42638100000;NULL;NULL;NULL;42638100000;217000000
HUM;2020;4883000000;72555000000;25,31;3367000000;NULL;NULL;77155000000;10052000000;NULL;NULL;77155000000;283000000
PSA;2020;1417510000;1503918000;6,29;1357213000;636456000;1411150000;2915068000;64043000;2047606000;867462000;2915068000;56283000
AAPL;2021;111852000000;256868000000;5,61;94680000000;43887000000;108949000000;365817000000;21973000000;152836000000;212981000000;365817000000;2645000000
MSFT;2021;73448000000;98172000000;8,05;61271000000;45940000000;69916000000;168088000000;25224000000;115856000000;52232000000;168088000000;2346000000
GOOGL;2021;91080000000;178923000000;5,610003;76033000000;67984000000;78714000000;257637000000;36422000000;146698000000;110939000000;257637000000;346000000
AMZN;2021;39960000000;444943000000;3,2405;33364000000;41436000000;24879000000;469822000000;41374000000;66315000000;403507000000;469822000000;1809000000
NVDA;2021;4593000000;12143000000;0,1725;4332000000;5864000000;4532000000;16675000000;1940000000;10396000000;6279000000;16675000000;184000000
BRK-B;2021;116033000000;242866000000;39,702687;89937000000;NULL;NULL;354727000000;23044000000;NULL;NULL;354727000000;4172000000
META;2021;47307000000;71176000000;13,77;39370000000;48527000000;46753000000;117208000000;23872000000;95280000000;22649000000;117929000000;23000000
TSLA;2021;6714000000;47327000000;1,63;5524000000;7110000000;6496000000;53823000000;4517000000;13606000000;40217000000;53823000000;371000000
UNH;2021;23970000000;263627000000;18,08;17285000000;45682000000;21646000000;285273000000;NULL;67328000000;217945000000;285273000000;1660000000
JNJ;2021;19361000000;57797000000;7,81;20878000000;34395000000;20943000000;78740000000;20118000000;55338000000;23402000000;78740000000;183000000
V;2021;16576000000;8298000000;5,63;12311000000;3328000000;15807000000;30797000000;2524000000;19135000000;4970000000;24105000000;513000000
XOM;2021;32181000000;253459000000;5,39;23040000000;41653000000;23233000000;276692000000;10360000000;64886000000;211806000000;276692000000;947000000
PG;2021;18117000000;58132000000;5,5;14306000000;21024000000;17986000000;76118000000;21024000000;39010000000;37108000000;76118000000;502000000
LLY;2021;6495300000;20385400000;5,852967;5581700000;13072600000;7933000000;28318400000;6141900000;21005600000;7312800000;28318400000;339800000
MA;2021;10738000000;8657000000;8,76;8687000000;4168000000;10227000000;18884000000;3442000000;14395000000;4489000000;18884000000;431000000
HD;2021;18325000000;113832000000;11,94;12866000000;26575000000;18278000000;132110000000;24447000000;44853000000;87257000000;132110000000;1347000000
CVX;2021;22351000000;139426000000;8,14;15625000000;29252000000;16180000000;155606000000;4014000000;45432000000;110174000000;155606000000;712000000
MRK;2021;14685000000;35505000000;5,14;13049000000;21879000000;13199000000;48704000000;9634000000;35078000000;13626000000;48704000000;806000000
ABBV;2021;15412000000;37149000000;6,45;11542000000;19703000000;19048000000;56197000000;12349000000;38751000000;17446000000;56197000000;2423000000
PEP;2021;11684000000;68312000000;5,49;7618000000;31237000000;11162000000;79474000000;31237000000;42399000000;37075000000;79474000000;1863000000
KO;2021;14022000000;27616000000;2,25;9771000000;12259000000;11039000000;38655000000;12144000000;23298000000;15357000000;38655000000;1597000000
PFE;2021;25602000000;57584000000;3,85;21979000000;26763000000;23704000000;81288000000;12703000000;50467000000;30821000000;81288000000;1291000000
AVGO;2021;8650000000;18783000000;1,49625;6736000000;8177000000;8667000000;27450000000;1347000000;16844000000;10606000000;27450000000;1885000000
COST;2021;6851000000;189221000000;11,27;5007000000;18537000000;6708000000;195929000000;18537000000;25245000000;170684000000;195929000000;171000000
TMO;2021;9377000000;28986000000;19,46;7725000000;9413000000;10225000000;39211000000;8007000000;19638000000;19573000000;39211000000;536000000
MCD;2021;10313700000;13350200000;10,04;7545200000;2707500000;9872700000;22872800000;2377800000;12580200000;10642700000;23222900000;1185800000
WMT;2021;22879000000;536603000000;1,583333;13510000000;116288000000;22548000000;559151000000;116288000000;138836000000;420315000000;559151000000;2315000000
CSCO;2021;13696000000;36099000000;2,5;10591000000;18175000000;13719000000;49818000000;11411000000;31894000000;17924000000;49818000000;434000000
ACN;2021;7820608000;42911860000;9,16;5906809000;8742599000;7621529000;50533389000;8742599000;16364128000;34169261000;50533389000;59492000
ABT;2021;8744000000;34650000000;3,94;7071000000;16113000000;8425000000;43075000000;11324000000;24538000000;18537000000;43075000000;533000000
DHR;2021;6742000000;18415000000;8,61;6433000000;8852000000;6387000000;24802000000;6807000000;15239000000;9563000000;24802000000;231000000
NFLX;2021;6605723000;23503335000;11,24;5116228000;6170652000;6194509000;29697844000;3896767000;12365161000;17332683000;29697844000;765620000
LIN;2021;5269000000;25318000000;7,33;3826000000;7775000000;5475000000;30793000000;2997000000;13250000000;17543000000;30793000000;170000000
VZ;2021;32905000000;101165000000;5,32;22065000000;44864000000;32448000000;133613000000;28658000000;77312000000;56301000000;133613000000;3485000000
ADBE;2021;5818000000;9983000000;10,02;4822000000;8118000000;5802000000;15785000000;5406000000;13920000000;1865000000;15785000000;113000000
NKE;2021;6937000000;37601000000;3,56;5727000000;13025000000;6937000000;44538000000;13025000000;19962000000;24576000000;44538000000;NULL
TXN;2021;9103000000;9188000000;8,26;7769000000;3220000000;9156000000;18344000000;1666000000;12376000000;5968000000;18344000000;184000000
CRM;2021;455000000;20797000000;4,38;4072000000;15359000000;455000000;21252000000;11761000000;15814000000;5438000000;21252000000;NULL
NEE;2021;4445000000;14233000000;1,81;3573000000;5725000000;2836000000;17069000000;NULL;8561000000;8508000000;17069000000;1270000000
PM;2021;12969000000;18545000000;5,83;9109000000;8515000000;12860000000;82223000000;8515000000;21375000000;10030000000;31405000000;737000000
BMY;2021;9432000000;37848000000;3,12;6994000000;27908000000;8537000000;45771000000;7690000000;36445000000;9940000000;46385000000;1334000000
COP;2021;13838000000;33757000000;6,07;8079000000;2697000000;12071000000;45828000000;719000000;14768000000;31060000000;45828000000;1126000000
QCOM;2021;10833000000;23777000000;7,87;9043000000;9515000000;9789000000;33566000000;2339000000;19304000000;14262000000;33566000000;559000000
HON;2021;7578000000;26919000000;7,91;5542000000;4858000000;7473000000;34392000000;3525000000;12331000000;22061000000;34392000000;343000000
MS;2021;NULL;NULL;8,03;15034000000;NULL;NULL;56414000000;25271000000;NULL;NULL;56414000000;1366000000
ORCL;2021;15495000000;24697000000;4,55;13746000000;16842000000;15782000000;40479000000;8936000000;32624000000;7855000000;40479000000;2496000000
RTX;2021;6439000000;57308000000;2,56;3864000000;5411000000;7080000000;64388000000;3102000000;12491000000;51897000000;64388000000;1330000000
INTC;2021;22300000000;56942000000;4,86;19868000000;21733000000;22082000000;79024000000;6543000000;43815000000;35209000000;79024000000;597000000
AMGN;2021;7898000000;16835000000;10,28;5893000000;10381000000;9144000000;24297000000;5368000000;19525000000;6454000000;25979000000;1197000000
SPGI;2021;4283000000;4087000000;12,51;3024000000;1907000000;4210000000;8297000000;1729000000;6117000000;2180000000;8297000000;119000000
IBM;2021;5992000000;50486000000;6,35;5742000000;24621000000;6865000000;57351000000;18745000000;31486000000;25865000000;57351000000;1155000000
GS;2021;NULL;NULL;59,450001;21635000000;NULL;NULL;59339000000;18272000000;NULL;NULL;59339000000;5650000000
CAT;2021;8692000000;44093000000;11,83;6489000000;8125000000;6878000000;50971000000;5365000000;15003000000;35968000000;50971000000;488000000
BLK;2021;8378000000;11886000000;38,06712;5901000000;1968000000;7488000000;19374000000;1821000000;9456000000;9918000000;19374000000;205000000
UPS;2021;17289000000;84477000000;14,68;12890000000;7470000000;12810000000;97287000000;NULL;20280000000;77007000000;97287000000;694000000
MDT;2021;4820000000;25222000000;2,66;3606000000;14739000000;4895000000;30117000000;10148000000;19634000000;10483000000;30117000000;925000000
SCHW;2021;NULL;NULL;2,83;5855000000;NULL;NULL;18520000000;5935000000;NULL;NULL;18520000000;476000000
UNP;2021;9635000000;12466000000;9,95;6523000000;1176000000;9338000000;20244000000;NULL;10514000000;11290000000;21804000000;1157000000
DE;2021;8595000000;35370000000;18,99;5963000000;6052000000;7663000000;43033000000;3435000000;13715000000;29318000000;43033000000;993000000
LOW;2021;8611000000;79950000000;7,75;5835000000;19925000000;9647000000;87995000000;18526000000;29572000000;60025000000;89597000000;872000000
GILD;2021;9279000000;16448000000;4,93;6225000000;9847000000;10857000000;27305000000;5246000000;20704000000;6601000000;27305000000;1001000000
CVS;2021;13040000000;277012000000;5,95;8001000000;37021000000;15099000000;292111000000;NULL;52120000000;239991000000;292111000000;2503000000
SBUX;2021;5826700000;24403400000;3,54;4199300000;3733800000;4657200000;27290600000;1932600000;8391000000;20669600000;29060600000;469800000
INTU;2021;2585000000;7105000000;7,56;2062000000;5422000000;2528000000;9633000000;3598000000;7950000000;1683000000;9633000000;29000000
NOW;2021;257000000;5639000000;1,13;230000000;4286000000;257000000;5896000000;2889000000;4543000000;1353000000;5896000000;28000000
PLD;2021;3572942000;3142031000;3,94;2939723000;1893544000;1617409000;4759440000;293167000;3510953000;1248487000;4759440000;250094000
AXP;2021;NULL;NULL;10,02;8060000000;NULL;NULL;43147000000;11531000000;NULL;NULL;43147000000;1283000000
MO;2021;5012000000;9551000000;1,34;2475000000;2432000000;11560000000;26013000000;2432000000;13992000000;7119000000;21111000000;1188000000
BKNG;2021;1799000000;8462000000;28,17;1165000000;8462000000;2496000000;10958000000;7616000000;NULL;NULL;10958000000;334000000
T;2021;35887000000;107928000000;2,76;20081000000;47521000000;26110000000;134038000000;29669000000;73631000000;60407000000;134038000000;6716000000
ISRG;2021;1821000000;3889100000;4,66;1704600000;2137500000;1821000000;5710100000;1466500000;3958500000;1751600000;5710100000;NULL
MMC;2021;4652000000;15508000000;6,13;3143000000;4083000000;4312000000;19820000000;NULL;8395000000;11425000000;19820000000;444000000
EL;2021;3504000000;13205000000;7,79;2870000000;9371000000;3010000000;16215000000;9371000000;12381000000;3834000000;16215000000;173000000
LMT;2021;8119000000;57921000000;22,76;6315000000;-62000000;9123000000;67044000000;NULL;9061000000;57983000000;67044000000;569000000
SYK;2021;2687000000;14421000000;5,21;1994000000;8281000000;2687000000;17108000000;6427000000;10968000000;6140000000;17108000000;NULL
BA;2021;-2319000000;65643000000;-7,15;-4202000000;6406000000;-3357000000;62286000000;4157000000;3049000000;59237000000;62286000000;2714000000
ADP;2021;3420900000;11680800000;6,07;2598500000;3040500000;3324600000;15005400000;3040500000;6365100000;8640300000;15005400000;59700000
MDLZ;2021;4734000000;23863000000;3,04;4300000000;6397000000;4857000000;28720000000;6263000000;11254000000;17466000000;28720000000;365000000
ZTS;2021;2712000000;4973000000;4,27;2037000000;2670000000;2803000000;7776000000;2001000000;5473000000;2303000000;7776000000;224000000
GE;2021;-3905000000;55411000000;-6,16;-6337000000;12033000000;1058000000;56469000000;10351000000;13091000000;43378000000;56469000000;1790000000
AMT;2021;3700300000;6028500000;5,66;2567700000;3346500000;3328400000;9356900000;811600000;6674900000;2682000000;9356900000;870900000
TMUS;2021;6693000000;73226000000;2,41;3024000000;36621000000;6892000000;79096000000;20238000000;43513000000;36605000000;80118000000;3342000000
MU;2021;6401000000;20958000000;5,14;5861000000;3676000000;6747000000;27705000000;894000000;10423000000;17282000000;27705000000;183000000
PYPL;2021;4331000000;21047000000;3,52;4169000000;9672000000;4324000000;25371000000;4559000000;13996000000;11375000000;25371000000;232000000
C;2021;NULL;NULL;10,14;21952000000;NULL;NULL;71887000000;26740000000;NULL;NULL;71887000000;7981000000
CI;2021;7998000000;167477000000;15,75;5370000000;NULL;NULL;174267000000;13012000000;NULL;NULL;174267000000;1208000000
CB;2021;10286000000;31067000000;19,27;8525000000;NULL;NULL;40861000000;3135000000;NULL;NULL;40861000000;492000000
APD;2021;2649200000;8055200000;9,43;2099100000;869100000;2267800000;10323000000;828400000;3136900000;7186100000;10323000000;141800000
F;2021;19583000000;131818000000;4,45;17937000000;11915000000;4523000000;136341000000;11915000000;16438000000;119903000000;136341000000;1803000000
MRNA;2021;13296000000;4440000000;28,29;12202000000;1823000000;13296000000;17675000000;567000000;15119000000;2617000000;17736000000;18000000
EQIX;2021;945034000;5515451000;5,53;500191000;2043029000;1120086000;6635537000;2043029000;3163115000;3472422000;6635537000;336082000
ICE;2021;6121000000;5617000000;7,18;4058000000;1467000000;3551000000;9168000000;458000000;5018000000;4150000000;9168000000;423000000
GM;2021;13666000000;117680000000;6,7;10019000000;8554000000;9324000000;127004000000;8554000000;17878000000;109126000000;127004000000;950000000
EW;2021;1720400000;3645700000;2,38;1503100000;2396800000;1586800000;5232500000;1493700000;3983600000;1248900000;5232500000;18400000
DUK;2021;6198000000;18780000000;4,94;3908000000;6117000000;5841000000;24621000000;NULL;11958000000;12663000000;24621000000;2207000000
SO;2021;4413000000;19413000000;2,26;2408000000;6547000000;3700000000;22405000000;NULL;10247000000;12866000000;23113000000;1837000000
REGN;2021;9383100000;7076900000;71,969999;8075300000;4639400000;8994800000;15790500000;1824900000;13634200000;2437500000;16071700000;57300000
PGR;2021;4428600000;43466500000;5,66;3350900000;NULL;NULL;47676500000;NULL;NULL;NULL;47676500000;218600000
HUM;2021;3680000000;79710000000;22,67;2933000000;NULL;NULL;83064000000;NULL;NULL;NULL;83064000000;326000000
PSA;2021;2062778000;1709992000;9,87;1953263000;789394000;1705832000;3415824000;75966000;2495226000;920598000;3415824000;90774000
AAPL;2022;122034000000;274891000000;6,11;99803000000;51345000000;119437000000;394328000000;25094000000;170782000000;223546000000;394328000000;2931000000
MSFT;2022;85779000000;114887000000;9,65;72738000000;52237000000;83383000000;198270000000;27725000000;135620000000;62650000000;198270000000;2063000000
GOOGL;2022;71685000000;207994000000;4,56;59972000000;81791000000;74842000000;282836000000;42291000000;156633000000;126203000000;282836000000;357000000
AMZN;2022;-3569000000;501735000000;-0,27;-2722000000;55392000000;12248000000;513983000000;54129000000;67640000000;446343000000;513983000000;2367000000
NVDA;2022;10177000000;16873000000;0,385;9752000000;7434000000;10041000000;26914000000;2166000000;17475000000;9439000000;26914000000;236000000
BRK-B;2022;-26148000000;264621000000;-10,329338;-22759000000;NULL;NULL;234121000000;25056000000;NULL;NULL;234121000000;4352000000
META;2022;29004000000;87665000000;8,59;23200000000;62416000000;28944000000;115801000000;27078000000;91360000000;25249000000;116609000000;185000000
TSLA;2022;13910000000;67630000000;3,62;12583000000;7021000000;13832000000;81462000000;3946000000;20853000000;60609000000;81462000000;191000000
UNH;2022;28435000000;295727000000;21,18;20120000000;51182000000;26405000000;322132000000;NULL;77587000000;244545000000;322132000000;2092000000
JNJ;2022;19635000000;57777000000;6,73;17941000000;33181000000;22213000000;79990000000;19046000000;55394000000;24596000000;79990000000;276000000
V;2022;18674000000;9629000000;7;14957000000;3896000000;19681000000;37614000000;3035000000;23577000000;5733000000;29310000000;538000000
XOM;2022;78551000000;335129000000;13,26;55740000000;39521000000;63546000000;398675000000;10577000000;103067000000;295608000000;398675000000;798000000
PG;2022;18434000000;62374000000;5,81;14742000000;20217000000;17813000000;80187000000;20217000000;38030000000;42157000000;80187000000;439000000
LLY;2022;7138000000;19888100000;6,572215;6244800000;13258300000;8653300000;28541400000;6067500000;21911600000;6629800000;28541400000;331600000
MA;2022;12203000000;9515000000;10,22;9930000000;4252000000;12722000000;22237000000;3502000000;16974000000;5263000000;22237000000;471000000
HD;2022;23084000000;128117000000;15,53;16433000000;27792000000;23040000000;151157000000;25406000000;50832000000;100325000000;151157000000;1347000000
CVX;2022;50190000000;195767000000;18,28;35465000000;34032000000;39950000000;235717000000;4312000000;73982000000;161735000000;235717000000;516000000
MRK;2022;17406000000;41001000000;5,71;14519000000;23590000000;18282000000;59283000000;10042000000;41872000000;17411000000;59283000000;962000000
ABBV;2022;15707000000;39240000000;6,63;11836000000;21826000000;18814000000;58054000000;15260000000;40640000000;17414000000;58054000000;2230000000
PEP;2022;11644000000;75035000000;6,42;8910000000;34459000000;11357000000;86392000000;34459000000;45816000000;40576000000;86392000000;939000000
KO;2022;12568000000;30962000000;2,19;9542000000;12962000000;12042000000;43004000000;7442000000;25004000000;18000000000;43004000000;882000000
PFE;2022;35967000000;63058000000;5,47;31372000000;28714000000;37272000000;100330000000;13677000000;65986000000;34344000000;100330000000;1238000000
AVGO;2022;14171000000;18921000000;2,646368;11495000000;7813000000;14282000000;33203000000;1382000000;22095000000;11108000000;33203000000;1737000000
COST;2022;7998000000;219161000000;13,14;5844000000;19779000000;7793000000;226954000000;19779000000;27572000000;199382000000;226954000000;158000000
TMO;2022;8561000000;36408000000;17,63;6950000000;10464000000;8507000000;44915000000;8993000000;18971000000;25944000000;44915000000;726000000
MCD;2022;9032400000;12838000000;8,33;6177400000;2862600000;10344600000;22854200000;2492200000;13207200000;9975400000;23182600000;1207000000
WMT;2022;20690000000;546812000000;1,623333;13673000000;117812000000;25942000000;572754000000;117812000000;143754000000;429000000000;572754000000;1994000000
CSCO;2022;14837000000;37582000000;2,82;11812000000;18273000000;13975000000;51557000000;11186000000;32248000000;19309000000;51557000000;360000000
ACN;2022;9243487000;52227124000;10,71;6877169000;10334358000;9367181000;61594305000;10334358000;19701539000;41892766000;61594305000;47320000
ABT;2022;8864000000;35291000000;3,91;6933000000;16149000000;8362000000;43653000000;11248000000;24511000000;19142000000;43653000000;558000000
DHR;2022;7350000000;19107000000;9,66;7209000000;8652000000;7536000000;26643000000;7124000000;16188000000;10455000000;26643000000;204000000
NFLX;2022;5970141000;25982719000;9,95;4491924000;6814434000;5632831000;31615550000;4103393000;12447265000;19168285000;31615550000;706212000
LIN;2022;5758000000;26667000000;8,23;4147000000;7217000000;6697000000;33364000000;2870000000;13914000000;19450000000;33364000000;215000000
VZ;2022;31884000000;106368000000;5,06;21256000000;47235000000;30467000000;136835000000;30136000000;77702000000;59133000000;136835000000;3613000000
ADBE;2022;6120000000;11508000000;10,1;4756000000;9343000000;6098000000;17606000000;6187000000;15441000000;2165000000;17606000000;112000000
NKE;2022;6675000000;40035000000;3,75;6046000000;14804000000;6675000000;46710000000;14804000000;21479000000;25231000000;46710000000;NULL
TXN;2022;10246000000;9631000000;9,41;8749000000;3374000000;10397000000;20028000000;1704000000;13771000000;6257000000;20028000000;214000000
CRM;2022;548000000;25944000000;1,48;1444000000;18918000000;548000000;26492000000;14453000000;19466000000;7026000000;26492000000;NULL
NEE;2022;4417000000;17397000000;2,087066;4147000000;6580000000;3559000000;20956000000;NULL;10139000000;10817000000;20956000000;585000000
PM;2022;12402000000;19540000000;5,81;9048000000;8138000000;12222000000;80720000000;8138000000;20360000000;11402000000;31762000000;768000000
BMY;2022;8945000000;37055000000;2,95;6327000000;26918000000;9104000000;45413000000;7814000000;36022000000;10137000000;46159000000;1232000000
COP;2022;29283000000;53032000000;14,57;18680000000;4551000000;25462000000;78494000000;623000000;30013000000;48481000000;78494000000;1055000000
QCOM;2022;15488000000;28340000000;11,37;12936000000;9705000000;15860000000;44200000000;2570000000;25565000000;18635000000;44200000000;490000000
HON;2022;6793000000;28396000000;7,27;4966000000;6049000000;7070000000;35466000000;4571000000;13119000000;22347000000;35466000000;414000000
MS;2022;NULL;NULL;6,15;11029000000;NULL;NULL;50210000000;23958000000;NULL;NULL;50210000000;12268000000
ORCL;2022;10404000000;26610000000;2,41;6717000000;17733000000;15830000000;42440000000;9364000000;33563000000;8877000000;42440000000;2755000000
RTX;2022;7417000000;59681000000;3,5;5197000000;6275000000;7393000000;67074000000;3684000000;13668000000;53406000000;67074000000;1300000000
INTC;2022;8264000000;60718000000;1,94;8014000000;24530000000;2336000000;63054000000;7002000000;26866000000;36188000000;63054000000;496000000
AMGN;2022;8752000000;16757000000;12,11;6552000000;10351000000;9566000000;24801000000;5414000000;19917000000;6406000000;26323000000;1406000000
SPGI;2022;5006000000;8162000000;10,2;3248000000;4409000000;3019000000;11181000000;3396000000;7428000000;3753000000;11181000000;304000000
IBM;2022;2372000000;52375000000;1,8;1640000000;24533000000;8154000000;60530000000;17483000000;32687000000;27842000000;60530000000;1216000000
GS;2022;NULL;NULL;30,06;11261000000;NULL;NULL;47365000000;15960000000;NULL;NULL;47365000000;21346000000
CAT;2022;9195000000;50598000000;12,64;6705000000;8683000000;8829000000;59427000000;5651000000;17512000000;41915000000;59427000000;443000000
BLK;2022;6502000000;11384000000;33,97;5178000000;1938000000;6489000000;17873000000;1787000000;8427000000;9446000000;17873000000;212000000
UPS;2022;15529000000;87244000000;13,2;11548000000;7915000000;13094000000;100338000000;NULL;21009000000;79329000000;100338000000;704000000
MDT;2022;6070000000;25778000000;3,73;5039000000;15633000000;5908000000;31686000000;10292000000;21541000000;10145000000;31686000000;553000000
SCHW;2022;NULL;NULL;3,5;7183000000;NULL;NULL;20762000000;6355000000;NULL;NULL;20762000000;1545000000
UNP;2022;10343000000;14958000000;11,21;6998000000;1288000000;9917000000;23159000000;NULL;11205000000;13670000000;24875000000;1271000000
DE;2022;10189000000;42256000000;23,28;7131000000;6704000000;9026000000;51282000000;3912000000;15730000000;35552000000;51282000000;1062000000
LOW;2022;12105000000;84157000000;12,04;8442000000;19963000000;12093000000;94719000000;18301000000;32056000000;64194000000;96250000000;897000000
GILD;2022;6749000000;16307000000;3,64;4592000000;10650000000;10974000000;27281000000;5673000000;21624000000;5657000000;27281000000;935000000
CVS;2022;8123000000;306177000000;3,26;4311000000;38212000000;16290000000;322467000000;NULL;54502000000;267965000000;322467000000;2287000000
SBUX;2022;4714800000;27820600000;2,83;3281600000;3941400000;4429700000;30231600000;2032000000;8371100000;23879200000;32250300000;482900000
INTU;2022;2623000000;10167000000;7,28;2066000000;7761000000;2559000000;12726000000;4998000000;10320000000;2406000000;12726000000;81000000
NOW;2022;426000000;6890000000;1,6;325000000;5317000000;355000000;7245000000;3549000000;5672000000;1573000000;7245000000;27000000
PLD;2022;3982713000;3693290000;4,25;3364856000;2184196000;2280402000;5973692000;331083000;4464598000;1509094000;5973692000;291903000
AXP;2022;NULL;NULL;9,85;7514000000;NULL;NULL;52560000000;12710000000;NULL;NULL;52560000000;2763000000
MO;2022;8517000000;8769000000;3,19;5764000000;2327000000;11919000000;25096000000;2327000000;14246000000;6442000000;20688000000;1128000000
BKNG;2022;4314000000;11988000000;76,35;3058000000;11988000000;5102000000;17090000000;11210000000;NULL;NULL;17090000000;391000000
T;2022;3014000000;97830000000;-1,13;-8524000000;46982000000;22911000000;120741000000;28961000000;69893000000;50848000000;120741000000;6108000000
ISRG;2022;1577100000;4645100000;3,65;1322300000;2618900000;1577100000;6222200000;1739900000;4196000000;2026200000;6222200000;NULL
MMC;2022;4551000000;16440000000;6,04;3050000000;4369000000;4280000000;20720000000;NULL;8649000000;12071000000;20720000000;469000000
EL;2022;3203000000;14193000000;6,55;2390000000;9888000000;3544000000;17737000000;9888000000;13432000000;4305000000;17737000000;167000000
LMT;2022;7303000000;57636000000;21,66;5732000000;-61000000;8348000000;65984000000;NULL;8287000000;57697000000;65984000000;623000000
SYK;2022;3042000000;15407000000;6,17;2358000000;8536000000;3042000000;18449000000;6455000000;11578000000;6871000000;18449000000;NULL
BA;2022;-2461000000;70117000000;-8,3;-4935000000;7039000000;-3509000000;66608000000;4187000000;3530000000;63078000000;66608000000;2561000000
ADP;2022;3886000000;12633400000;7;2948900000;3171500000;3864900000;16498300000;3171500000;7036400000;9461900000;16498300000;81900000
MDLZ;2022;3656000000;27700000000;1,96;2717000000;7516000000;3796000000;31496000000;7384000000;11312000000;20184000000;31496000000;428000000
ZTS;2022;2877000000;5152000000;4,49;2114000000;2698000000;2928000000;8080000000;2009000000;5626000000;2454000000;8080000000;221000000
GE;2022;678000000;57823000000;0,05;339000000;13551000000;276000000;58099000000;11765000000;13827000000;44272000000;58099000000;1477000000
AMT;2022;2857200000;7674500000;3,82;1765800000;4410700000;3036600000;10711100000;972300000;7447300000;3263800000;10711100000;1136500000
TMUS;2022;6510000000;71464000000;2,06;2590000000;35258000000;8107000000;78453000000;21607000000;43365000000;36206000000;79571000000;3364000000
MU;2022;9760000000;21049000000;7,75;8687000000;4189000000;9709000000;30758000000;1066000000;13898000000;16860000000;30758000000;189000000
PYPL;2022;3670000000;23474000000;2,09;2419000000;9729000000;4044000000;27518000000;4356000000;13773000000;13745000000;27518000000;304000000
C;2022;NULL;NULL;7;14845000000;NULL;NULL;75305000000;28305000000;NULL;NULL;75305000000;25740000000
CI;2022;9625000000;171634000000;21,299091;6704000000;NULL;NULL;180031000000;13174000000;NULL;NULL;180031000000;1228000000
CB;2022;7055000000;36570000000;12,55;5246000000;NULL;NULL;43055000000;3395000000;NULL;NULL;43055000000;570000000
APD;2022;2882700000;10286100000;10,14;2256100000;947600000;2412500000;12698600000;900600000;3360100000;9338500000;12698600000;128000000
F;2022;-1734000000;151781000000;-0,49;-1981000000;10888000000;6276000000;158057000000;10888000000;17164000000;140893000000;158057000000;1282000000
MRNA;2022;9604000000;9455000000;20,12;8362000000;4039000000;9420000000;18435000000;1132000000;13459000000;5416000000;18875000000;29000000
EQIX;2022;1185706000;6036762000;7,67;704345000;2285261000;1226343000;7263105000;2285261000;3511604000;3751501000;7263105000;356337000
ICE;2022;2424000000;5905000000;2,58;1446000000;1471000000;3731000000;9636000000;440000000;5202000000;4434000000;9636000000;616000000
GM;2022;12584000000;146421000000;6,13;9934000000;10667000000;10314000000;156735000000;10667000000;20981000000;135754000000;156735000000;987000000
EW;2022;1786600000;3593200000;2,44;1521900000;2512800000;1789200000;5382400000;1567600000;4302000000;1080400000;5382400000;19200000
DUK;2022;6517000000;22344000000;3,33;2550000000;6552000000;6424000000;28768000000;NULL;12976000000;15792000000;28768000000;2439000000
SO;2022;6245000000;23658000000;3,26;3535000000;5257000000;5621000000;28547000000;NULL;10878000000;18401000000;29279000000;2022000000
REGN;2022;4918200000;7178900000;38,22;4338400000;5618500000;4994000000;11807800000;2115900000;10612500000;1560400000;12172900000;59400000
PGR;2022;1165600000;48664300000;1,18;721500000;NULL;NULL;49586400000;NULL;NULL;NULL;49586400000;243500000
HUM;2022;3969000000;89302000000;22,08;2806000000;NULL;NULL;92870000000;NULL;NULL;NULL;92870000000;401000000
PSA;2022;4516919000;2012725000;23,5;4349147000;959818000;2169438000;4182163000;71672000;3129256000;1052907000;4182163000;136319000
AAPL;2023;117669000000;268984000000;6,13;96995000000;54847000000;114301000000;383285000000;24932000000;169148000000;214137000000;383285000000;3933000000
MSFT;2023;91279000000;123392000000;9,68;72361000000;57529000000;88523000000;211915000000;30334000000;146052000000;65863000000;211915000000;1968000000
GOOGL;2023;86025000000;223101000000;5,8;73795000000;89769000000;84293000000;307394000000;44342000000;174062000000;133332000000;307394000000;308000000
AMZN;2023;40739000000;537933000000;2,9;30425000000;56953000000;36852000000;574785000000;56186000000;93805000000;480980000000;574785000000;3182000000
NVDA;2023;4443000000;21397000000;0,174;4368000000;9779000000;5577000000;26974000000;2440000000;15356000000;11618000000;26974000000;262000000
BRK-B;2023;125169000000;319171000000;44,274689;96223000000;NULL;NULL;439337000000;28642000000;NULL;NULL;439337000000;5003000000
META;2023;47874000000;88151000000;14,87;39098000000;62192000000;46751000000;133844000000;23709000000;108943000000;25959000000;134902000000;446000000
TSLA;2023;10129000000;87882000000;4,31;14999000000;8769000000;8891000000;96773000000;4800000000;17660000000;79113000000;96773000000;156000000
UNH;2023;32358000000;339264000000;23,86;22381000000;58600000000;28269000000;367533000000;NULL;86869000000;280664000000;367533000000;3246000000
JNJ;2023;15834000000;61750000000;13,72;35153000000;35197000000;23409000000;85159000000;20112000000;58606000000;26553000000;85159000000;772000000
V;2023;21681000000;10726000000;8,28;17273000000;4159000000;21927000000;42471000000;3216000000;26086000000;6567000000;32653000000;644000000
XOM;2023;53632000000;290950000000;8,89;36010000000;40395000000;43747000000;334697000000;10633000000;84142000000;250555000000;334697000000;849000000
PG;2023;19109000000;63872000000;5,9;14653000000;21112000000;18134000000;82006000000;21112000000;39246000000;42760000000;82006000000;756000000
LLY;2023;7040500000;23336800000;5,8;5240400000;16254600000;10787300000;34124100000;6941200000;27041900000;7082200000;34124100000;485900000
MA;2023;14214000000;10468000000;11,83;11195000000;4446000000;14630000000;25098000000;3647000000;19076000000;6022000000;25098000000;575000000
HD;2023;24094000000;133364000000;16,69;17105000000;28739000000;24039000000;157403000000;26284000000;52778000000;104625000000;157403000000;1617000000
CVX;2023;30053000000;170684000000;11,36;21369000000;34162000000;26229000000;196913000000;4141000000;60391000000;136522000000;196913000000;469000000
MRK;2023;3035000000;57161000000;0,14;365000000;41035000000;2954000000;60115000000;10504000000;43989000000;16126000000;60115000000;1146000000
ABBV;2023;8474000000;40783000000;2,72;4863000000;20368000000;13535000000;54318000000;12872000000;33903000000;20415000000;54318000000;2224000000
PEP;2023;12236000000;78558000000;6,56;9074000000;36677000000;12913000000;91471000000;36677000000;49590000000;41881000000;91471000000;819000000
KO;2023;14479000000;32671000000;2,47;10714000000;14151000000;13083000000;45754000000;7863000000;27234000000;18520000000;45754000000;1527000000
PFE;2023;3267000000;55137000000;0,37;2119000000;30183000000;3359000000;58496000000;14771000000;33542000000;24954000000;58496000000;2209000000
AVGO;2023;16719000000;19368000000;3,298;14082000000;8239000000;16451000000;35819000000;1592000000;24690000000;11129000000;35819000000;1622000000
COST;2023;8647000000;234176000000;14,16;6292000000;21590000000;8114000000;242290000000;21590000000;29704000000;212586000000;242290000000;160000000
TMO;2023;7673000000;35539000000;15,45;5995000000;9782000000;7318000000;42857000000;8445000000;17100000000;25757000000;42857000000;1375000000
MCD;2023;11883000000;13748100000;11,56;8468800000;2816900000;11745600000;25178100000;2435200000;14562500000;10931200000;25493700000;1360800000
WMT;2023;19144000000;590861000000;1,423333;11680000000;127140000000;20428000000;611289000000;127140000000;147568000000;463721000000;611289000000;2128000000
CSCO;2023;15745000000;41436000000;3,07;12613000000;20191000000;15562000000;56998000000;12358000000;35753000000;21245000000;56998000000;427000000
ACN;2023;9186857000;55301856000;10,77;6871557000;11921718000;8809889000;64111745000;10858572000;20731607000;43380138000;64111745000;47525000
ABT;2023;7301000000;33631000000;3,26;5723000000;15656000000;6478000000;40109000000;10949000000;22134000000;17975000000;40109000000;637000000
DHR;2023;5330000000;18611000000;6,38;4764000000;8755000000;5279000000;23890000000;7252000000;14034000000;9856000000;23890000000;286000000
NFLX;2023;6954003000;26769294000;12,03;5407990000;7053926000;6954003000;33723297000;4378168000;14007929000;19715368000;33723297000;748598000
LIN;2023;8401000000;24585000000;12,59;6199000000;7093000000;8269000000;32854000000;3131000000;15362000000;17492000000;32854000000;413000000
VZ;2023;22511000000;105256000000;2,75;11614000000;50369000000;28718000000;133974000000;32745000000;79087000000;54887000000;133974000000;5524000000
ADBE;2023;6912000000;12759000000;11,82;5428000000;10405000000;6650000000;19409000000;6764000000;17055000000;2354000000;19409000000;113000000
NKE;2023;5915000000;45302000000;3,23;5070000000;16377000000;5915000000;51217000000;16377000000;22292000000;28925000000;51217000000;NULL
TXN;2023;7771000000;10188000000;7,07;6510000000;3688000000;7331000000;17519000000;1825000000;11019000000;6500000000;17519000000;353000000
CRM;2023;1858000000;29494000000;0,21;208000000;21134000000;1858000000;31352000000;16079000000;22992000000;8360000000;31352000000;NULL
NEE;2023;10612000000;18282000000;3,6;7310000000;8144000000;9832000000;28114000000;NULL;17976000000;10138000000;28114000000;3324000000
PM;2023;11976000000;22998000000;5,02;7813000000;10105000000;12176000000;84578000000;10105000000;22281000000;12893000000;35174000000;1526000000
BMY;2023;9606000000;36811000000;3,86;8025000000;26118000000;8195000000;44386000000;7772000000;34313000000;10693000000;45006000000;1166000000
COP;2023;17351000000;41115000000;9,06;10957000000;3177000000;15026000000;56141000000;705000000;18203000000;37938000000;56141000000;1063000000
QCOM;2023;8137000000;28032000000;6,42;7232000000;12163000000;7788000000;35820000000;2483000000;19951000000;15869000000;35820000000;694000000
HON;2023;7924000000;29108000000;8,47;5658000000;6113000000;7554000000;36662000000;4657000000;13667000000;22995000000;36662000000;765000000
MS;2023;NULL;NULL;5,18;9087000000;NULL;NULL;50667000000;25103000000;NULL;NULL;50667000000;42051000000
ORCL;2023;12631000000;36181000000;3,07;8503000000;22617000000;13773000000;49954000000;10412000000;36390000000;13564000000;49954000000;3505000000
RTX;2023;5489000000;63579000000;2,23;3195000000;6748000000;5341000000;68920000000;4029000000;12089000000;56831000000;68920000000;1653000000
INTC;2023;1640000000;54197000000;0,4;1689000000;21680000000;31000000;54228000000;5634000000;21711000000;32517000000;54228000000;878000000
AMGN;2023;10730000000;20293000000;12,49;6717000000;11842000000;7897000000;26910000000;6179000000;19739000000;8451000000;28190000000;2875000000
SPGI;2023;4005000000;8443000000;8,23;2626000000;4302000000;4054000000;12497000000;3159000000;8356000000;4141000000;12497000000;334000000
IBM;2023;10297000000;52486000000;8,14;7502000000;24926000000;9374000000;61860000000;17997000000;34300000000;27560000000;61860000000;1607000000
GS;2023;NULL;NULL;22,87;8516000000;NULL;NULL;46254000000;16128000000;NULL;NULL;46254000000;62164000000
CAT;2023;13561000000;54094000000;20,12;10335000000;10297000000;12966000000;67060000000;6371000000;23263000000;43797000000;67060000000;511000000
BLK;2023;7447000000;11526000000;36,51;5502000000;2014000000;6333000000;17859000000;1863000000;8347000000;9512000000;17859000000;292000000
UPS;2023;9358000000;81817000000;7,8;6708000000;8090000000;9141000000;90958000000;NULL;17231000000;73727000000;90958000000;785000000
MDT;2023;6000000000;25397000000;2,82;3758000000;14678000000;5830000000;31227000000;10415000000;20508000000;10719000000;31227000000;636000000
SCHW;2023;NULL;NULL;2,54;5067000000;NULL;NULL;18837000000;6712000000;NULL;NULL;18837000000;6684000000
UNP;2023;9573000000;15037000000;10,45;6379000000;1447000000;9082000000;22571000000;NULL;10529000000;13590000000;24119000000;1340000000
DE;2023;15472000000;45657000000;34,63;10166000000;7715000000;14591000000;60248000000;4618000000;22306000000;37942000000;60248000000;2453000000
LOW;2023;10196000000;86900000000;10,17;6437000000;22098000000;10159000000;95570000000;20332000000;32257000000;64802000000;97059000000;1160000000
GILD;2023;7803000000;18306000000;4,5;5665000000;11808000000;8810000000;27116000000;6090000000;20618000000;6498000000;27116000000;944000000
CVS;2023;13831000000;343177000000;6,47;8344000000;39832000000;14599000000;357776000000;NULL;54431000000;303345000000;357776000000;2658000000
SBUX;2023;5952000000;30472700000;3,58;4124500000;4343300000;5502900000;33975000000;2441300000;9846200000;26129400000;35975600000;550100000
INTU;2023;3259000000;11215000000;8,42;2384000000;8072000000;3153000000;14368000000;5050000000;11225000000;3143000000;14368000000;270000000
NOW;2023;1032000000;8209000000;8,42;1731000000;6288000000;762000000;8971000000;4164000000;7050000000;1921000000;8971000000;24000000
PLD;2023;4082906000;4938986000;3,29;3059214000;2928651000;3084483000;8023469000;390406000;6013134000;2010335000;8023469000;618723000
AXP;2023;NULL;NULL;11,21;8374000000;NULL;NULL;60363000000;13280000000;NULL;NULL;60363000000;6849000000
MO;2023;12077000000;8955000000;4,57;8130000000;2737000000;11547000000;24483000000;2737000000;14284000000;6218000000;20502000000;1149000000
BKNG;2023;6378000000;15530000000;117,4;4289000000;15530000000;5835000000;21365000000;14366000000;NULL;NULL;21365000000;897000000
T;2023;26552000000;97774000000;1,97;14400000000;47651000000;24654000000;122428000000;28874000000;72305000000;50123000000;122428000000;6704000000
ISRG;2023;1766800000;5357300000;5,03;1798000000;2962700000;1766800000;7124100000;1963900000;4729500000;2394600000;7124100000;NULL
MMC;2023;5604000000;17454000000;7,53;3756000000;4355000000;5282000000;22736000000;NULL;9637000000;13099000000;22736000000;578000000
EL;2023;1652000000;14139000000;2,79;1006000000;9575000000;1771000000;15910000000;9575000000;11346000000;4564000000;15910000000;255000000
LMT;2023;9014000000;59064000000;27,55;6920000000;-28000000;8507000000;67571000000;NULL;8479000000;59092000000;67571000000;916000000
SYK;2023;3906000000;16592000000;8,25;3165000000;9152000000;3906000000;20498000000;7129000000;13058000000;7440000000;20498000000;NULL
BA;2023;454000000;78615000000;-3,67;-2222000000;8545000000;-821000000;77794000000;5168000000;7724000000;70070000000;77794000000;2459000000
ADP;2023;4690900000;13454000000;8,21;3412000000;3500600000;4558200000;18012200000;3500600000;8058800000;9953400000;18012200000;253300000
MDLZ;2023;6430000000;30405000000;3,62;4959000000;8153000000;5611000000;36016000000;8002000000;13764000000;22252000000;36016000000;550000000
ZTS;2023;3175000000;5475000000;5,07;2344000000;2914000000;3069000000;8544000000;2151000000;5983000000;2561000000;8544000000;239000000
GE;2023;11309000000;64380000000;8,36;9481000000;13988000000;3574000000;67954000000;12081000000;17562000000;50392000000;67954000000;1118000000
AMT;2023;2919500000;7367700000;3,18;1483300000;4107100000;3776500000;11144200000;992500000;7883600000;3260600000;11144200000;1398200000
TMUS;2023;14334000000;64317000000;6,93;8317000000;34129000000;14241000000;77379000000;21311000000;48370000000;30188000000;78558000000;3335000000
MU;2023;-5270000000;20999000000;-5,34;-5833000000;4043000000;-5459000000;15540000000;920000000;-1416000000;16956000000;15540000000;388000000
PYPL;2023;5758000000;24827000000;3,84;4246000000;8760000000;4944000000;29771000000;3868000000;13704000000;16067000000;29771000000;347000000
C;2023;NULL;NULL;4,04;9228000000;NULL;NULL;78486000000;30712000000;NULL;NULL;78486000000;78358000000
CI;2023;6959000000;189674000000;17,39;5164000000;NULL;NULL;195187000000;14822000000;NULL;NULL;195187000000;1446000000
CB;2023;10198000000;40300000000;21,8;9028000000;NULL;NULL;49826000000;4007000000;NULL;NULL;49826000000;672000000
APD;2023;3059900000;9860800000;10,33;2300200000;1027800000;2739200000;12600000000;957000000;3767000000;8833000000;12600000000;177500000
F;2023;5285000000;170733000000;1,08;4347000000;10702000000;5458000000;176191000000;10702000000;16160000000;160031000000;176191000000;1318000000
MRNA;2023;-3904000000;10993000000;-12,33;-4714000000;6300000000;-4239000000;6671000000;1549000000;2061000000;4693000000;6754000000;38000000
EQIX;2023;1526252000;6737496000;10,31;969178000;2509838000;1450640000;8188136000;2509838000;3960478000;4227658000;8188136000;402022000
ICE;2023;3702000000;5940000000;4,19;2368000000;1696000000;3963000000;9903000000;481000000;5659000000;4244000000;9903000000;808000000
GM;2023;11314000000;162544000000;7,32;10127000000;9840000000;9298000000;171842000000;9840000000;19138000000;152704000000;171842000000;911000000
EW;2023;1615700000;4276200000;2,3;1402400000;2896400000;1728600000;6004800000;1824600000;4625000000;1379800000;6004800000;17600000
DUK;2023;7781000000;21957000000;3,54;2841000000;6653000000;7103000000;29060000000;NULL;13756000000;15304000000;29060000000;3014000000
SO;2023;6791000000;19427000000;3,62;3976000000;5882000000;5826000000;24304000000;NULL;11708000000;13545000000;25253000000;2446000000
REGN;2023;4272300000;8884000000;34,77;3953600000;7068200000;4233200000;12581100000;2631300000;11301400000;1815800000;13117200000;73000000
PGR;2023;5172100000;57178600000;6,58;3902400000;NULL;NULL;62082300000;NULL;NULL;NULL;62082300000;268400000
HUM;2023;3876000000;102991000000;20;2489000000;NULL;NULL;106374000000;NULL;NULL;NULL;106374000000;493000000
PSA;2023;2372073000;2198634000;11,06;2148327000;1050688000;2319056000;4517690000;80632000;3369744000;1147946000;4517690000;201132000
MSFT;2024;110722000000;135689000000;11,8;88136000000;61575000000;109433000000;245122000000;32065000000;171008000000;74114000000;245122000000;2935000000
NVDA;2024;34075000000;27950000000;1,193;29760000000;11329000000;32972000000;60922000000;2654000000;44301000000;16621000000;60922000000;257000000
PG;2024;19686000000;64153000000;NULL;14879000000;23305000000;19886000000;84039000000;23305000000;43191000000;40848000000;84039000000;925000000
HD;2024;21867000000;130980000000;15,11;15143000000;29271000000;21689000000;152669000000;26598000000;50960000000;101709000000;152669000000;1943000000
WMT;2024;24531000000;621113000000;1,913333;15511000000;130971000000;27012000000;648125000000;130971000000;157983000000;490142000000;648125000000;2683000000
CSCO;2024;13240000000;40833000000;NULL;10320000000;21858000000;12970000000;53803000000;13177000000;34828000000;18975000000;53803000000;1006000000
NKE;2024;6311000000;45051000000;3,73;5700000000;16576000000;6311000000;51362000000;16576000000;22887000000;28475000000;51362000000;NULL
CRM;2024;5999000000;28858000000;4,2;4136000000;20317000000;5999000000;34857000000;15411000000;26316000000;8541000000;34857000000;NULL
ORCL;2024;15255000000;36890000000;3,71;10467000000;21747000000;16071000000;52961000000;9822000000;37818000000;15143000000;52961000000;3514000000
MDT;2024;5556000000;26844000000;2,76;3676000000;15628000000;5520000000;32364000000;10736000000;21148000000;11216000000;32364000000;719000000
LOW;2024;11658000000;74820000000;13,2;7726000000;17287000000;11557000000;85099000000;15570000000;28844000000;57533000000;86377000000;1483000000
INTU;2024;3801000000;12408000000;10,43;2963000000;8943000000;3877000000;16285000000;5706000000;12820000000;3465000000;16285000000;251000000
EL;2024;1150000000;14045000000;1,08;390000000;9621000000;1563000000;15608000000;9621000000;11184000000;4424000000;15608000000;378000000
ADP;2024;5233700000;14221400000;NULL;3752000000;3744700000;4981200000;19202600000;3744700000;8725900000;10476700000;19202600000;361400000
